original,pred_open,pred_high,pred_low
59.900002,53.1,53.75,53.2
59.349998,53.63,52.78,51.73
60.0,51.32,51.5,51.51
59.400002,51.05,53.71,51.57
57.400002,52.74,52.99,53.05
53.200001,55.07,55.03,55.07
56.549999,55.58,55.59,55.13
55.150002,60.28,59.56,54.69
55.049999,52.97,52.67,51.78
56.349998,52.85,52.39,51.97
56.900002,54.93,54.77,53.89
56.099998,55.85,59.86,56.69
55.099998,60.65,59.98,58.97
53.599998,57.33,56.7,57.16
57.549999,56.8,56.13,55.35
58.349998,57.14,56.23,55.3
58.349998,56.98,56.1,56.06
59.5,55.24,56.23,55.78
60.599998,55.21,54.37,55.78
62.0,56.74,55.94,56.38
65.300003,55.93,55.03,55.6
64.0,56.8,55.97,53.97
64.650002,55.89,55.84,56.72
64.949997,56.64,55.77,57.49
62.75,56.64,55.77,56.69
64.25,54.54,54.6,53.66
65.900002,55.85,55.2,55.69
65.849998,56.02,55.12,56.02
65.0,56.46,55.59,55.07
66.0,52.85,54.94,53.51
68.599998,54.78,54.94,53.66
66.5,55.62,54.94,54.27
67.099998,52.74,53.3,53.35
67.0,54.27,53.3,52.46
69.949997,53.43,53.58,54.12
70.5,54.69,53.71,52.35
69.400002,52.06,51.94,52.04
68.349998,51.67,50.86,49.65
71.800003,51.78,52.06,50.54
71.5,50.82,51.56,51.12
70.650002,51.46,52.22,51.48
70.699997,52.02,51.5,52.08
69.25,51.74,52.39,51.8
71.849998,51.37,51.72,51.16
70.550003,51.5,51.56,51.48
72.349998,52.02,51.12,51.75
71.699997,52.43,51.83,51.83
66.0,52.57,52.17,53.13
67.050003,52.17,52.83,52.35
68.900002,52.29,51.5,52.41
64.5,52.13,51.83,51.65
67.449997,51.85,50.86,52.08
67.5,51.85,50.86,52.08
68.0,51.85,52.94,52.08
68.800003,51.74,52.72,51.94
65.349998,51.85,53.35,51.65
64.650002,51.37,51.39,51.68
65.25,54.27,53.3,51.41
65.0,51.67,51.34,51.07
64.050003,50.16,50.25,50.79
65.050003,49.8,51.39,47.53
64.900002,48.47,50.81,49.02
64.849998,49.58,51.61,49.75
64.0,52.21,51.39,50.35
63.049999,51.16,50.91,47.36
61.599998,49.58,49.32,49.65
63.150002,48.85,49.58,48.72
62.349998,49.04,49.5,49.1
61.799999,49.62,49.93,49.26
61.75,49.66,49.79,50.29
60.549999,50.58,52.0,51.3
60.049999,55.85,54.94,51.41
60.049999,52.02,51.23,52.3
59.700001,52.02,51.12,52.3
63.75,51.11,51.07,50.35
63.099998,49.39,49.77,48.79
63.75,47.62,46.6,47.62
62.400002,47.39,46.6,47.45
60.099998,45.36,45.3,44.95
62.150002,46.79,45.97,46.1
62.650002,46.0,45.4,47.0
61.25,45.86,45.4,46.82
60.5,45.15,45.15,45.34
61.0,45.2,45.85,45.0
62.400002,45.73,45.74,45.1
64.0,44.95,45.44,45.33
63.299999,44.93,45.27,45.45
60.599998,45.6,46.41,45.68
60.049999,49.18,48.61,49.1
59.0,48.63,48.74,49.1
59.650002,49.23,50.52,48.23
60.599998,49.62,49.35,50.23
60.599998,51.22,51.12,51.07
61.400002,50.7,51.72,51.34
61.049999,51.22,50.61,51.34
60.849998,50.64,50.96,51.34
60.0,50.64,50.91,51.34
59.900002,51.0,51.18,51.51
60.200001,50.46,50.86,51.21
59.150002,51.22,51.39,48.92
60.0,48.04,47.76,48.16
56.549999,46.21,48.8,47.0
57.049999,48.63,48.54,47.0
55.75,48.81,49.16,48.53
55.25,49.25,49.6,49.24
59.799999,49.8,50.86,50.54
56.599998,51.16,50.17,49.31
56.299999,50.88,49.96,50.1
56.049999,50.16,49.9,49.65
56.0,50.4,50.1,50.23
58.450001,50.58,50.17,50.48
56.599998,49.8,49.47,50.54
55.599998,50.16,50.06,49.65
54.5,51.22,50.61,49.65
55.700001,49.66,49.6,50.23
56.400002,49.28,48.86,49.65
54.0,48.85,50.91,49.18
57.25,51.22,51.67,50.29
59.450001,49.02,49.84,49.28
58.599998,50.05,49.77,50.35
59.299999,49.75,50.17,50.23
60.299999,49.33,48.97,49.75
60.5,49.1,49.45,49.37
59.549999,49.3,49.45,49.52
60.150002,49.28,53.83,49.65
58.0,51.7,51.61,51.94
58.450001,50.94,54.14,51.12
57.900002,63.96,64.5,62.29
57.599998,61.98,62.89,60.7
57.549999,60.57,61.55,59.7
57.25,59.13,60.5,59.79
58.599998,59.13,58.06,57.2
58.5,56.64,56.57,56.5
57.5,56.64,56.49,56.69
59.150002,55.81,56.28,56.66
59.200001,57.55,59.12,58.7
61.799999,59.52,59.25,60.14
62.75,59.69,58.85,59.87
61.700001,59.4,58.39,57.72
61.450001,58.13,58.55,58.09
61.25,57.29,60.07,56.69
61.25,60.42,63.95,61.09
62.0,63.36,62.13,63.09
66.050003,64.45,65.46,63.41
67.0,64.53,63.72,63.9
66.199997,64.5,65.24,64.48
64.949997,64.34,63.4,63.03
64.550003,63.92,62.89,62.8
62.099998,62.34,61.16,62.49
62.049999,61.63,60.54,62.16
61.200001,61.91,61.48,62.16
62.650002,63.92,62.84,61.26
61.849998,60.57,60.5,60.7
61.5,60.08,59.83,60.26
63.200001,61.49,60.46,59.28
63.950001,60.35,59.65,58.91
65.400002,60.57,62.65,60.2
64.949997,60.57,60.33,59.61
63.5,59.8,60.54,60.54
63.0,62.56,64.48,62.16
64.099998,63.96,64.46,64.74
63.700001,64.42,64.13,65.17
63.150002,65.67,67.91,66.97
63.950001,67.59,69.43,69.59
64.050003,68.55,78.45,69.97
63.200001,74.86,85.4,76.28
63.099998,91.52,95.04,89.1
63.099998,91.31,91.53,91.84
66.199997,95.95,93.73,96.15
64.849998,97.3,97.53,96.23
64.400002,97.3,95.13,94.39
63.549999,97.3,95.09,95.2
63.5,94.34,95.01,93.92
63.099998,94.33,99.85,94.41
62.900002,97.35,107.25,100.18
63.099998,105.9,107.25,106.1
61.400002,102.35,102.35,102.35
62.299999,97.35,100.19,96.52
61.0,94.81,95.19,93.69
60.150002,92.47,97.05,94.26
60.349998,96.64,96.2,97.11
60.700001,96.09,99.91,96.77
59.900002,100.05,100.05,100.25
59.349998,96.77,96.14,94.93
59.599998,93.98,93.57,91.89
59.25,92.05,94.2,94.1
62.799999,94.33,95.07,93.34
61.25,90.97,91.58,91.68
59.299999,93.98,95.05,94.21
60.0,95.22,96.89,95.38
60.0,94.39,96.09,94.56
59.900002,97.1,98.74,97.11
60.349998,97.15,95.04,94.39
60.400002,94.65,94.65,94.5
62.5,95.01,95.01,94.58
63.200001,94.33,94.94,94.61
66.550003,94.33,93.17,94.14
65.349998,93.91,92.23,90.35
64.75,90.92,91.74,93.3
63.950001,94.39,92.8,93.62
64.449997,93.0,91.86,94.21
63.150002,94.25,91.5,92.03
63.0,90.92,88.44,88.72
62.700001,90.45,92.18,90.11
65.349998,90.96,90.75,90.35
64.050003,90.92,89.3,89.1
63.5,90.4,89.22,90.76
64.25,90.95,90.16,91.15
63.650002,91.25,89.68,90.04
64.849998,90.61,95.03,90.17
64.150002,95.9,97.38,97.22
64.900002,96.73,97.19,98.77
64.150002,96.6,96.78,94.48
63.400002,94.33,100.16,93.62
63.25,97.35,100.14,97.15
63.099998,97.3,97.16,97.19
62.849998,95.08,95.01,95.03
62.349998,93.68,95.08,94.39
63.900002,97.09,95.19,95.91
63.5,97.3,95.05,95.32
63.200001,94.43,95.06,95.14
63.950001,96.52,94.8,94.84
66.099998,94.81,95.07,96.17
65.699997,94.4,93.65,94.58
66.449997,96.09,97.05,95.91
66.800003,97.32,98.0,98.0
66.5,97.13,96.74,98.97
67.150002,97.09,110.8,99.07
68.099998,113.2,113.2,108.75
71.0,108.75,108.55,108.75
72.0,106.06,107.9,107.93
71.800003,108.15,110.35,107.95
70.650002,106.89,106.35,106.35
71.5,104.28,112.85,107.84
76.25,120.75,120.95,120.95
76.199997,126.2,125.42,119.08
75.550003,126.06,125.43,123.06
78.900002,122.12,120.54,119.0
80.599998,126.2,131.45,121.16
77.25,131.35,131.55,131.55
83.099998,125.9,126.6,127.44
82.599998,125.53,126.6,128.3
82.0,126.85,125.75,124.41
79.949997,126.08,124.44,127.07
78.550003,132.71,137.7,128.57
78.5,138.5,127.95,127.07
78.849998,129.45,126.24,129.25
77.300003,131.85,126.91,128.41
78.5,125.53,124.88,124.62
78.300003,125.64,125.6,121.92
78.349998,122.09,122.2,122.2
77.699997,122.1,120.98,122.53
79.900002,125.35,125.55,125.55
82.599998,125.9,126.6,125.7
82.050003,125.97,123.95,124.15
82.5,125.35,120.71,120.4
80.900002,124.25,120.98,122.17
79.300003,125.64,134.75,127.07
78.75,138.5,138.7,138.7
78.349998,137.85,137.65,137.65
76.150002,141.9,141.9,142.1
76.949997,146.5,146.3,146.5
75.300003,155.15,155.35,156.25
75.599998,153.46,167.69,156.88
74.150002,169.37,175.35,171.72
72.099998,172.31,170.19,170.3
74.0,160.51,169.9,161.58
74.75,169.83,164.3,164.85
75.0,164.42,166.45,165.58
75.199997,170.45,179.6,170.79
72.300003,181.35,179.45,179.45
71.150002,179.37,175.05,156.75
70.550003,175.31,202.29,178.65
70.550003,200.1,199.65,192.66
70.849998,194.75,193.52,186.52
69.199997,186.62,189.7,188.62
69.449997,187.55,184.66,179.66
68.800003,181.35,188.94,178.28
67.849998,191.95,194.7,192.85
69.300003,200.25,192.95,186.92
69.599998,190.71,188.94,186.7
69.650002,186.91,183.86,186.24
69.099998,185.78,179.45,178.65
66.650002,180.09,180.54,180.63
62.950001,186.02,184.84,183.87
63.650002,183.25,180.6,182.45
65.599998,184.34,180.4,181.79
64.599998,179.42,185.32,182.0
66.0,185.41,199.34,186.45
64.050003,203.36,217.79,203.28
59.400002,210.6,208.58,213.11
58.25,210.61,231.7,211.79
56.650002,229.14,227.67,224.9
57.849998,226.37,234.0,205.37
55.799999,203.3,207.35,192.56
57.5,200.25,217.59,189.5
59.950001,211.6,210.62,198.65
61.0,191.28,192.49,192.56
60.5,191.61,201.45,201.79
61.950001,205.17,203.92,204.95
61.25,205.75,208.45,206.46
60.049999,204.99,204.28,205.46
57.599998,205.2,215.0,206.72
57.099998,211.6,208.08,210.49
58.549999,210.32,207.42,202.49
57.099998,208.26,209.53,210.89
56.950001,208.06,204.5,202.9
57.400002,200.2,199.7,203.5
55.25,201.17,202.22,199.7
56.650002,200.63,204.33,202.54
54.150002,190.7,201.23,199.52
55.299999,200.2,200.2,203.45
56.450001,203.3,199.51,203.09
57.0,204.14,207.55,204.98
56.75,205.07,208.45,210.2
53.799999,205.2,206.96,205.11
53.400002,205.18,205.87,205.04
53.099998,205.77,203.2,202.9
53.0,205.75,209.53,202.45
52.599998,204.77,203.2,204.37
53.0,203.3,207.46,205.46
52.400002,207.86,207.35,206.1
52.200001,205.97,206.04,207.25
53.25,205.62,207.49,208.05
53.599998,204.94,207.49,209.42
53.150002,205.2,207.31,205.5
53.799999,205.37,204.0,205.11
54.099998,203.36,206.21,205.54
53.349998,204.94,203.77,205.4
53.400002,205.16,205.62,206.98
54.599998,205.15,203.74,205.04
54.5,205.2,203.03,205.5
53.0,205.34,202.26,205.02
51.25,205.16,216.78,207.12
52.200001,217.82,239.5,221.38
53.650002,236.33,236.2,231.35
53.0,234.13,230.97,228.89
55.5,234.55,234.0,230.82
55.0,237.05,248.68,239.6
53.700001,236.8,232.45,231.45
51.400002,230.84,230.22,211.7
51.799999,210.6,209.25,205.5
55.5,205.2,209.39,204.95
59.950001,210.6,218.85,218.85
59.400002,214.9,219.25,219.07
56.799999,223.34,220.94,220.66
55.5,218.36,212.9,210.13
54.950001,211.03,209.45,202.39
56.0,203.33,198.77,198.45
56.0,203.65,201.69,202.59
55.0,194.75,201.45,198.65
57.0,203.65,201.6,203.65
54.700001,204.05,207.42,204.95
56.900002,211.6,209.85,209.08
57.0,208.06,209.53,211.28
57.0,206.25,204.0,205.03
56.349998,203.65,200.26,203.63
54.700001,204.5,207.43,205.54
55.099998,205.37,201.78,194.27
55.099998,191.88,194.81,192.46
54.0,191.95,189.01,191.4
54.150002,189.13,189.62,189.5
54.799999,189.76,192.95,193.56
54.25,200.2,200.26,203.34
54.0,200.25,218.36,202.89
52.75,221.2,219.8,218.85
53.650002,223.37,230.8,225.51
52.25,234.67,230.23,230.31
52.299999,236.87,235.37,231.36
50.900002,236.8,239.13,237.79
51.5,238.97,247.07,237.13
51.549999,242.54,239.11,234.73
52.700001,234.45,243.16,238.56
51.75,246.76,275.64,247.83
51.700001,272.22,277.91,263.04
52.549999,269.63,275.04,266.47
51.450001,273.55,287.07,272.39
51.200001,281.35,279.3,279.3
51.349998,275.24,275.7,269.45
52.799999,266.35,272.83,259.8
52.299999,261.77,261.86,253.95
52.150002,256.11,264.93,258.28
51.75,262.79,266.78,259.91
51.75,272.97,281.69,268.29
51.75,283.35,283.35,283.15
53.650002,283.2,286.74,286.65
53.400002,281.04,280.63,273.25
54.049999,272.81,272.1,273.05
51.650002,271.7,277.54,275.48
51.700001,275.6,275.63,273.35
50.549999,272.31,274.13,268.41
50.200001,268.36,267.97,270.3
48.75,267.5,268.45,263.76
49.700001,257.88,260.46,259.8
51.5,259.65,263.53,259.26
51.349998,267.31,263.53,260.0
49.5,259.3,263.53,257.61
49.349998,258.3,254.51,248.67
49.950001,245.43,245.98,231.54
49.0,242.21,261.4,247.88
49.549999,263.8,261.01,258.59
49.75,257.26,254.6,257.93
51.900002,252.38,248.85,248.01
52.900002,242.15,242.04,242.9
52.099998,241.37,239.36,238.05
52.0,236.8,254.61,239.43
49.599998,252.4,246.35,248.67
47.299999,252.3,267.33,252.27
46.650002,267.34,265.26,268.71
46.5,267.45,267.79,268.41
45.400002,266.93,275.61,271.98
46.0,271.62,270.3,264.97
46.099998,262.8,259.42,258.98
45.900002,262.6,260.2,262.29
45.25,266.9,263.79,264.0
45.099998,262.7,262.07,260.03
45.0,262.68,264.45,264.97
45.0,262.7,263.41,262.45
44.900002,262.65,261.06,267.1
47.349998,262.79,263.59,266.55
48.0,267.5,269.12,269.25
48.900002,270.86,278.87,270.3
50.900002,281.0,280.8,282.69
49.5,277.49,276.8,283.59
51.950001,280.55,275.6,272.39
51.599998,272.93,272.24,268.41
51.200001,269.84,266.65,264.97
51.849998,267.77,272.8,269.16
50.650002,272.28,272.43,260.26
50.849998,257.12,258.04,259.8
51.0,258.41,254.78,257.96
48.200001,257.87,254.21,253.03
46.700001,253.05,246.64,247.82
48.900002,246.33,247.41,245.42
46.900002,236.4,242.57,241.85
49.150002,236.8,242.32,223.94
49.599998,234.78,230.3,227.97
50.150002,230.25,230.59,231.49
50.400002,234.55,241.9,234.53
50.0,239.66,242.25,239.6
50.599998,236.74,242.1,242.38
49.700001,243.63,244.08,243.28
50.950001,239.15,246.15,245.7
49.75,252.38,251.72,248.15
49.299999,244.27,244.08,248.04
51.0,243.66,249.48,248.42
49.5,245.6,247.2,242.9
49.0,242.54,242.16,245.7
50.0,246.59,248.1,245.14
50.849998,250.36,261.4,251.73
50.25,255.0,261.71,256.73
49.599998,256.13,263.53,257.82
49.650002,257.16,259.56,259.8
49.099998,257.31,255.41,252.2
49.0,252.82,251.1,251.72
49.200001,255.78,261.4,257.32
52.099998,257.12,254.61,257.61
51.599998,255.28,252.34,251.72
53.5,257.4,254.54,253.67
62.799999,259.66,281.69,260.0
60.349998,271.62,272.02,261.19
59.5,257.31,261.45,253.95
59.049999,254.3,248.68,247.9
57.549999,243.74,250.9,248.67
56.849998,252.63,246.52,248.8
56.049999,245.6,242.1,243.09
57.700001,243.63,244.08,237.79
59.799999,243.95,246.2,247.82
59.849998,252.62,260.95,255.12
59.0,258.19,261.45,258.28
57.549999,257.5,260.26,259.8
57.549999,259.19,269.49,259.98
59.700001,270.66,277.19,272.9
63.349998,274.68,275.62,270.3
62.25,268.67,295.67,272.06
65.050003,283.31,291.77,285.3
63.599998,281.0,285.2,282.76
64.400002,283.31,276.8,270.3
62.450001,262.57,261.06,257.61
62.0,257.12,261.4,259.74
61.799999,270.04,262.0,262.29
61.549999,266.9,266.52,267.7
61.599998,269.0,271.67,267.04
62.0,268.36,261.4,260.78
60.349998,267.77,259.94,251.46
59.900002,252.3,247.43,247.62
58.799999,252.63,252.18,252.08
59.900002,252.96,250.54,248.67
59.549999,257.4,264.85,257.32
61.099998,256.92,258.25,257.9
61.900002,257.21,256.15,248.67
64.300003,243.63,243.16,245.14
64.199997,251.76,245.15,247.99
65.199997,249.2,247.2,250.99
67.699997,243.63,239.6,239.6
68.449997,241.29,239.2,238.05
75.150002,238.85,239.13,239.87
85.5,236.8,234.56,240.55
91.099998,236.42,234.18,239.73
87.449997,236.88,238.05,239.59
96.050003,238.87,245.98,242.65
97.300003,246.72,242.1,243.48
97.400002,242.28,242.16,241.64
95.099998,236.98,239.31,242.22
94.050003,236.8,234.96,241.21
99.949997,237.31,232.4,231.45
109.550003,230.0,226.21,231.53
106.0,230.55,224.97,225.7
102.25,230.3,230.95,231.54
95.849998,230.26,224.2,224.91
92.550003,221.7,218.36,211.01
99.550003,218.32,210.07,211.61
96.300003,210.59,215.84,210.7
102.199997,210.78,207.86,202.54
100.150002,200.2,206.04,203.37
94.5,208.06,207.86,212.7
92.199997,211.29,207.5,209.86
94.199997,210.78,209.09,210.7
92.550003,210.3,207.44,210.49
92.75,210.82,215.84,218.81
95.699997,218.57,214.42,219.07
95.949997,222.44,229.6,226.46
98.550003,233.97,227.31,230.3
97.199997,230.0,231.57,231.49
93.800003,236.74,240.46,238.05
94.75,236.8,237.0,239.41
94.050003,238.67,232.4,237.01
94.300003,237.65,239.42,240.02
93.050003,235.15,230.3,231.82
90.449997,239.29,239.75,239.83
93.400002,236.98,251.1,242.22
92.900002,249.2,251.1,251.3
93.099998,254.3,249.4,251.72
91.400002,250.36,247.07,247.24
88.400002,255.42,261.4,257.96
90.349998,262.8,265.34,259.85
90.25,263.8,261.4,258.28
89.199997,258.84,258.67,259.95
90.300003,262.8,262.48,264.31
91.050003,267.77,270.3,268.41
89.199997,269.84,267.97,265.25
98.099998,262.8,260.09,261.98
99.800003,265.19,260.6,262.29
98.150002,267.5,271.99,269.16
94.099998,273.55,272.8,268.48
101.400002,262.55,270.3,263.82
97.25,273.08,269.0,268.41
96.949997,270.23,262.98,264.69
94.949997,259.67,253.83,259.99
96.550003,256.83,259.45,258.8
97.0,257.78,254.61,260.0
95.150002,263.8,267.97,267.7
95.199997,269.28,267.97,268.54
94.150002,270.54,266.52,267.4
95.800003,269.63,266.52,265.11
94.5,271.62,272.8,273.16
96.949997,273.4,275.7,276.74
98.099998,283.31,281.31,285.86
98.400002,281.0,289.1,286.4
110.900002,285.4,285.2,282.38
113.099998,278.0,275.7,270.3
108.650002,273.51,275.63,264.18
107.800003,270.49,268.77,264.97
108.050003,271.43,286.23,273.16
106.449997,282.51,306.1,282.11
112.949997,304.1,305.6,305.6
120.849998,299.06,300.47,298.6
126.099998,282.5,285.2,290.09
125.349998,275.6,275.71,231.4
118.900002,239.29,247.35,221.2
131.350006,230.7,241.87,225.5
131.449997,231.26,254.4,235.07
126.5,261.43,278.87,261.82
128.300003,270.25,268.34,264.56
126.949997,257.16,260.93,258.02
126.599998,260.37,255.41,246.53
133.949997,242.07,248.1,238.31
127.849998,236.8,232.45,225.84
129.350006,230.17,234.0,216.27
126.949997,211.57,224.7,214.18
124.400002,230.17,235.24,231.53
121.300003,230.0,235.24,230.32
122.099998,236.8,245.15,236.1
122.199997,243.63,239.13,238.8
125.449997,236.4,238.61,237.79
126.0,236.15,237.38,235.07
124.050003,236.81,239.26,240.98
120.300003,236.26,240.46,242.9
124.150002,242.31,247.16,235.75
134.850006,236.8,239.42,240.01
138.600006,238.02,241.98,245.14
137.75,242.28,242.16,239.73
142.0,234.08,236.61,232.45
146.399994,242.32,239.15,231.6
155.25,243.63,242.26,244.61
165.25,243.33,242.29,247.89
172.199997,244.17,246.9,247.82
166.649994,252.82,254.4,243.95
165.949997,257.05,250.33,247.8
164.199997,270.32,291.9,268.02
166.550003,299.63,287.12,282.0
179.699997,279.04,286.31,276.78
179.350006,285.94,286.34,286.4
173.25,303.7,309.49,303.7
199.949997,301.5,306.1,303.86
194.800003,300.38,303.0,300.92
191.300003,305.17,301.53,296.8
189.449997,299.63,308.6,298.64
179.300003,305.41,305.2,305.2
190.550003,300.3,300.3,300.3
194.600006,300.38,298.57,295.84
193.5,292.61,292.56,290.9
187.5,282.5,286.37,281.94
184.699997,282.67,281.44,282.63
178.75,281.93,276.7,276.5
182.800003,275.6,278.25,276.9
182.449997,275.6,277.86,275.95
180.699997,275.23,273.04,274.71
179.350006,273.82,273.33,267.7
184.550003,266.7,268.15,269.56
199.449997,271.7,278.87,272.51
215.649994,274.68,278.84,282.4
210.5,281.93,296.3,287.75
227.600006,301.91,298.0,295.79
224.800003,299.95,296.92,294.94
207.0,293.42,296.92,298.27
196.0,296.88,303.0,298.57
217.399994,298.79,301.0,298.37
198.550003,299.63,302.64,303.1
191.050003,305.62,309.4,305.63
203.350006,322.0,321.8,322.77
205.050003,311.6,322.7,322.9
207.399994,322.2,322.0,321.67
204.899994,317.3,320.78,318.37
208.949997,315.53,324.14,318.8
211.5,314.79,329.2,323.8
206.649994,336.4,342.39,336.6
210.300003,340.66,334.72,319.2
202.949997,306.49,314.0,283.23
199.600006,298.32,295.8,299.77
199.800003,299.56,306.13,297.98
201.649994,301.97,310.5,305.36
196.550003,300.45,302.61,300.37
200.100006,300.8,301.83,298.1
203.149994,299.0,298.57,298.11
206.75,298.56,301.83,300.07
208.550003,303.94,301.75,301.11
204.850006,299.06,299.85,300.31
204.699997,299.34,296.43,298.9
202.800003,299.2,300.19,300.31
203.199997,302.43,295.32,300.29
203.149994,298.7,294.8,296.69
208.100006,298.7,294.8,296.7
207.449997,299.63,282.47,296.7
206.699997,301.5,302.4,300.41
208.149994,301.17,299.18,299.26
207.050003,299.72,296.69,297.97
205.100006,294.58,287.63,290.65
203.75,298.65,298.47,299.93
206.399994,292.63,290.6,293.55
204.449997,286.65,286.45,290.99
206.25,284.55,286.89,281.78
205.25,281.93,284.37,276.84
205.100006,275.7,277.11,262.45
206.199997,262.57,260.73,252.81
216.399994,252.3,251.02,256.5
239.399994,254.3,246.2,244.74
231.449997,257.61,248.19,239.73
227.600006,236.98,239.13,238.91
234.649994,237.47,237.0,235.2
239.5,236.95,235.24,234.53
231.350006,231.26,230.4,231.36
211.800003,232.53,248.16,234.76
205.600006,252.3,247.47,251.25
215.199997,255.0,247.59,243.95
218.75,236.98,239.6,237.92
219.149994,236.98,235.37,232.03
220.300003,231.26,231.1,231.45
213.0,233.85,242.16,234.94
202.649994,236.98,235.37,231.38
198.350006,232.92,228.72,230.3
201.600006,231.72,230.89,218.85
201.550003,222.15,220.4,210.17
203.75,225.21,230.95,227.46
209.5,230.08,230.47,222.1
209.75,220.15,219.91,218.95
210.25,220.28,220.58,220.25
202.699997,220.9,221.1,220.9
204.600006,223.37,229.47,220.46
205.449997,231.26,230.66,231.54
195.100006,230.08,233.69,231.37
190.399994,235.34,230.28,226.31
190.550003,224.24,220.5,220.3
189.399994,222.5,229.6,218.85
194.550003,233.28,242.21,231.49
199.949997,243.05,242.16,243.24
216.050003,246.6,247.2,239.99
220.850006,244.7,285.79,245.56
229.5,278.0,278.62,274.44
230.050003,273.32,273.38,273.23
239.5,271.97,272.3,274.58
235.399994,272.61,272.96,272.68
246.350006,273.55,274.13,276.34
237.449997,272.72,272.75,272.55
246.449997,273.15,272.8,273.08
276.649994,273.55,277.56,275.95
264.200012,273.78,276.08,276.75
273.799988,272.86,283.14,283.47
290.75,283.0,276.94,282.09
279.200012,282.0,276.8,276.97
269.350006,275.6,277.0,276.8
259.899994,273.82,275.7,276.86
252.75,275.6,276.7,283.6
261.399994,283.46,282.23,281.94
270.450012,275.6,277.91,278.62
282.700012,274.48,276.5,281.11
283.25,272.0,272.0,272.51
286.75,273.79,273.43,273.16
274.200012,273.55,272.12,273.35
273.149994,273.15,272.8,273.25
279.049988,273.2,272.9,272.38
270.899994,271.62,270.57,273.08
267.299988,273.55,272.9,272.55
268.600006,271.7,272.8,273.08
262.649994,271.78,273.47,273.12
257.149994,276.31,274.02,272.51
266.200012,272.4,270.71,272.51
259.200012,271.26,270.85,271.3
259.200012,269.77,266.52,266.62
249.399994,272.81,267.48,273.16
244.75,271.44,269.0,270.98
262.350006,267.67,264.45,268.13
255.850006,262.61,261.32,264.97
254.699997,263.8,259.49,266.47
244.899994,262.74,260.8,263.63
242.050003,257.5,260.26,262.9
238.149994,257.77,256.15,259.99
250.399994,262.5,261.06,260.78
250.149994,262.78,259.54,265.71
264.100006,262.55,263.53,263.69
268.25,262.54,261.47,260.78
267.549988,259.61,260.0,260.0
275.899994,257.35,261.46,262.75
263.700012,262.74,267.05,265.25
256.700012,266.51,272.75,273.38
261.649994,271.86,281.08,275.48
264.100006,274.99,277.15,272.37
262.799988,271.65,272.2,274.44
264.350006,272.58,270.3,273.16
262.549988,273.55,272.97,273.35
264.899994,271.26,274.46,275.84
268.200012,276.55,275.78,278.31
269.149994,276.38,278.8,282.38
283.450012,281.0,275.7,282.58
280.899994,285.1,284.4,287.55
280.100006,282.51,278.18,285.01
272.0,282.94,297.65,290.77
269.0,299.9,302.45,297.59
265.450012,295.95,296.18,296.62
272.700012,302.47,306.87,300.76
259.75,302.63,302.5,303.36
256.350006,298.32,302.6,303.1
257.75,298.86,302.13,306.54
252.399994,314.24,305.7,305.95
245.899994,308.95,313.47,307.39
244.149994,307.33,306.25,306.25
241.75,306.0,306.06,307.15
227.399994,300.71,305.04,307.01
234.899994,305.85,310.6,310.6
230.350006,304.98,306.33,307.75
242.0,306.85,300.23,307.05
239.0,293.29,301.85,303.44
245.600006,300.62,306.06,307.03
242.5,307.37,306.78,306.16
249.699997,307.82,314.05,320.7
245.600006,314.45,313.78,316.66
249.199997,315.65,312.54,315.45
247.699997,305.74,321.42,323.65
245.699997,337.75,338.55,337.75
245.600006,340.22,329.85,335.72
248.199997,333.95,333.75,333.75
261.700012,336.8,336.8,342.43
255.100006,332.9,332.7,332.7
267.799988,333.2,333.2,333.2
258.200012,341.28,349.85,342.72
252.300003,364.65,364.65,364.65
252.800003,359.75,347.95,349.94
260.0,357.95,351.36,342.35
253.699997,345.15,351.36,349.82
251.300003,350.78,354.65,348.4
257.299988,353.15,353.15,349.75
272.600006,349.6,354.65,354.85
260.799988,349.21,347.0,349.94
252.699997,350.49,349.45,350.21
246.399994,354.84,373.35,373.35
251.0,372.5,372.4,372.5
248.699997,369.3,369.3,369.3
242.0,357.34,372.8,372.8
241.300003,352.4,352.4,352.4
249.899994,354.8,355.0,354.14
260.100006,355.1,355.1,365.72
264.299988,353.8,348.81,354.85
257.399994,350.05,350.05,350.05
269.799988,345.54,348.49,341.76
280.200012,330.45,330.45,330.45
273.200012,320.89,332.88,335.43
287.399994,341.05,338.55,343.45
285.399994,345.15,342.37,345.15
282.5,357.18,358.7,354.82
269.600006,351.15,353.98,345.71
255.800003,357.95,354.56,357.37
262.399994,356.01,346.15,346.15
261.899994,352.49,349.28,363.2
266.799988,367.95,367.95,367.95
268.899994,222.15,220.4,216.87
261.5,204.5,199.26,205.4
250.899994,190.24,189.73,197.43
252.399994,184.91,184.23,185.82
251.100006,186.39,189.65,179.6
253.199997,189.69,189.72,189.1
255.0,186.04,188.97,186.6
260.899994,185.91,183.6,185.45
247.699997,187.02,183.6,185.45
244.5,181.35,189.71,183.94
244.600006,189.69,189.16,183.81
250.0,183.7,185.53,183.38
239.5,182.0,179.63,183.15
241.600006,185.78,195.55,183.25
239.0,200.25,202.03,202.23
240.5,205.17,202.22,198.03
239.5,200.25,198.02,202.16
240.899994,203.3,198.95,198.26
244.199997,195.7,195.7,201.48
242.5,194.75,194.0,194.0
240.399994,190.01,189.01,190.25
242.100006,191.9,189.1,192.93
240.100006,189.66,189.16,182.67
231.0,182.37,185.6,183.22
229.899994,186.85,189.1,189.53
226.5,187.62,186.29,188.62
230.199997,189.97,189.72,186.39
224.300003,185.75,185.02,186.56
221.699997,185.32,185.53,186.03
211.100006,185.12,185.67,184.09
210.800003,179.5,179.45,178.69
200.899994,176.23,175.05,180.04
209.600006,180.83,180.84,179.5
212.800003,179.49,180.74,180.15
207.600006,183.62,179.37,179.6
214.899994,180.3,175.0,180.1
210.199997,180.6,183.46,178.82
218.600006,181.35,180.47,183.08
219.600006,180.9,180.27,181.57
229.5,184.58,184.75,183.14
230.399994,181.35,179.36,183.14
236.0,182.25,180.54,183.2
239.199997,185.78,181.17,185.03
236.899994,181.35,180.23,183.1
235.899994,183.62,186.29,184.72
241.0,187.55,183.93,184.72
235.399994,186.51,185.67,185.73
242.399994,185.85,185.53,187.13
252.699997,177.28,184.95,173.19
252.899994,185.95,184.31,187.28
254.399994,181.48,180.69,181.9
249.899994,171.08,176.11,174.39
261.5,177.15,172.01,174.73
261.5,178.03,176.23,172.9
256.299988,170.59,170.77,173.19
262.399994,171.04,169.51,164.95
266.5,163.88,163.6,163.8
270.399994,169.0,164.38,170.86
264.200012,170.05,170.05,170.09
262.899994,171.15,169.95,170.33
262.299988,170.02,177.37,176.06
275.399994,180.16,176.11,180.11
271.600006,178.84,174.2,176.89
269.0,173.05,170.7,177.98
265.600006,170.64,170.3,173.19
263.399994,172.31,170.3,171.7
257.299988,170.02,170.4,171.62
258.700012,170.25,170.67,173.19
258.899994,170.4,170.05,170.2
267.600006,170.64,169.9,170.1
266.5,171.15,169.51,170.6
266.200012,171.15,175.05,171.24
270.5,179.42,175.05,179.76
274.100006,173.05,170.51,170.97
282.600006,170.53,164.03,163.94
284.899994,160.8,160.35,161.28
289.200012,160.35,155.35,157.61
285.299988,156.45,156.01,156.25
270.200012,154.14,154.17,156.4
267.700012,150.34,149.84,150.25
271.399994,154.65,149.55,151.5
283.799988,153.88,153.25,151.5
306.200012,154.14,155.46,145.45
305.5,148.7,149.68,148.7
298.5,153.46,149.55,152.42
287.299988,148.0,149.55,148.2
238.100006,155.45,155.86,156.4
232.800003,153.65,155.98,156.88
225.600006,155.01,154.31,155.1
254.300003,154.21,154.46,152.55
274.200012,154.2,154.2,154.58
264.100006,153.68,154.19,154.2
255.5,154.68,154.02,153.94
244.300003,154.01,153.93,153.82
237.100006,154.47,154.5,155.47
229.5,154.23,160.6,157.61
212.699997,160.8,162.25,162.37
224.600006,160.97,161.96,162.98
235.899994,160.54,161.7,160.0
236.699997,160.72,158.75,158.95
235.5,161.97,160.53,160.78
239.399994,160.11,160.35,161.28
236.5,159.83,161.96,162.0
234.699997,160.8,160.82,161.91
243.800003,161.22,159.69,160.11
242.800003,161.3,160.35,159.24
237.800003,163.35,162.4,163.13
242.699997,163.35,164.87,164.19
243.699997,169.81,189.08,171.81
237.800003,185.78,200.14,185.68
239.5,191.2,191.2,193.47
241.600006,188.85,189.15,189.62
243.399994,186.69,187.75,186.45
245.199997,187.55,189.62,185.94
247.0,190.01,189.72,190.35
250.0,188.99,189.01,191.4
247.699997,186.82,189.6,189.4
296.399994,186.66,188.94,186.2
282.200012,186.85,186.29,185.51
286.5,187.55,195.65,190.06
291.0,200.41,200.26,202.67
303.799988,205.75,207.44,205.12
301.799988,205.75,203.2,206.46
306.700012,205.16,203.3,204.95
296.899994,205.73,209.7,205.5
305.0,205.42,204.5,205.22
305.299988,204.5,204.5,204.98
300.399994,205.11,208.51,202.66
295.100006,204.5,205.62,205.51
291.0,205.19,207.54,206.34
282.600006,207.66,207.55,204.98
280.5,205.75,207.35,205.02
276.600006,204.94,204.38,204.98
278.600006,205.09,209.5,210.49
275.5,211.45,224.52,211.79
274.399994,228.74,239.15,231.15
270.700012,231.06,230.54,230.3
271.399994,230.37,230.25,230.43
281.700012,233.46,225.24,225.99
282.299988,223.17,215.61,217.76
296.200012,210.6,218.2,218.4
298.100006,218.5,218.1,221.56
294.299988,222.38,220.25,221.2
296.299988,222.94,218.11,226.72
301.600006,221.7,220.4,221.92
301.100006,224.05,221.0,225.25
303.0,230.45,234.76,231.5
317.899994,236.95,233.49,239.77
321.899994,239.2,235.37,239.99
322.799988,236.8,234.05,234.91
322.100006,230.88,232.4,231.4
317.200012,232.55,230.73,233.03
318.899994,236.8,235.6,237.39
329.299988,233.85,230.22,234.05
336.5,234.24,230.63,231.35
319.299988,230.06,230.92,226.01
290.700012,230.25,233.78,231.45
295.899994,231.2,230.23,232.83
308.700012,230.7,230.54,235.01
310.600006,236.47,231.83,234.53
302.799988,232.44,233.65,234.86
298.100006,236.51,234.96,235.6
303.299988,236.8,239.44,238.05
305.100006,234.74,230.73,232.83
300.700012,236.74,239.13,236.53
299.100006,246.11,242.78,243.07
298.100006,243.74,249.03,248.08
299.299988,255.88,260.16,259.26
300.149994,255.0,248.85,250.49
298.799988,252.3,251.43,243.37
296.600006,252.98,251.1,251.3
296.5,252.98,250.33,251.72
301.399994,252.86,246.27,247.92
299.299988,245.07,244.96,242.93
297.549988,252.62,247.41,246.66
290.75,256.6,251.02,257.96
298.549988,254.85,260.2,255.85
290.5,258.9,261.56,253.67
286.549988,257.12,258.67,257.96
284.450012,257.5,261.27,258.98
277.700012,257.6,252.78,250.28
261.600006,257.01,249.04,249.01
252.0,253.95,248.19,250.08
256.600006,252.32,261.4,252.92
246.100006,258.85,247.43,250.08
240.100006,262.92,261.47,258.08
235.850006,263.53,300.17,259.98
235.300003,299.56,302.33,296.7
233.550003,334.6,322.11,283.16
230.300003,336.09,330.74,331.83
249.149994,339.02,330.05,315.45
252.649994,305.98,327.2,309.11
242.800003,318.73,321.42,322.08
236.449997,312.79,305.81,322.18
231.800003,307.42,303.39,305.1
231.0,315.41,311.52,306.86
239.300003,304.98,306.3,309.93
230.399994,312.34,308.46,306.3
231.25,308.12,313.98,310.14
222.149994,315.41,311.52,307.09
222.25,306.0,306.78,300.18
231.050003,305.33,300.3,306.69
222.0,304.26,301.93,305.64
220.050003,300.38,297.65,290.06
220.350006,305.85,300.3,287.91
221.0,281.93,287.07,290.82
230.25,283.97,325.1,298.44
231.5,336.67,330.13,291.96
233.149994,332.86,330.13,338.26
225.0,332.93,329.37,333.22
220.199997,337.7,334.25,342.96
225.100006,325.04,338.22,345.15
241.0,348.99,338.22,342.46
243.149994,336.52,328.24,342.43
246.5,341.92,334.15,321.57
271.600006,339.14,328.66,326.91
277.899994,322.07,335.92,334.7
273.899994,334.46,330.97,301.1
274.649994,308.25,321.11,322.06
271.350006,309.22,322.49,276.08
274.549988,317.27,322.4,322.9
272.649994,318.88,323.74,332.45
273.549988,323.87,304.52,275.44
275.350006,334.6,302.8,320.31
276.649994,314.98,322.0,319.77
284.25,310.44,302.33,323.54
282.350006,311.74,302.33,315.81
276.700012,305.06,308.46,310.37
276.899994,308.11,314.37,317.74
275.799988,305.91,308.31,305.63
281.299988,299.34,306.42,305.61
283.299988,305.93,314.24,300.31
277.700012,298.32,301.42,298.24
277.399994,303.7,296.13,296.57
272.100006,295.62,277.24,302.03
274.450012,285.87,280.74,283.37
271.600006,276.0,276.08,273.16
273.25,271.7,279.85,263.88
273.100006,284.99,284.18,282.67
271.25,282.36,283.14,288.03
271.350006,280.96,284.4,285.16
271.799988,281.93,275.66,279.12
271.549988,280.06,276.79,273.4
271.950012,273.55,272.3,266.47
272.350006,273.32,273.38,270.1
268.100006,273.53,272.5,276.64
268.899994,273.15,281.26,273.25
270.649994,280.86,283.62,281.94
269.100006,281.74,283.01,284.04
266.200012,281.93,286.45,281.93
263.549988,281.39,282.04,279.3
263.700012,283.26,278.01,283.6
262.5,280.86,277.34,282.11
263.25,273.86,281.22,278.02
259.450012,280.91,284.4,289.25
259.0,282.51,276.94,281.95
265.350006,282.2,286.34,282.11
262.450012,284.55,306.16,296.94
260.799988,298.56,299.62,291.01
260.100006,287.17,276.84,297.59
263.75,284.46,278.66,295.46
270.850006,299.63,277.2,294.94
277.149994,292.56,299.4,298.44
276.299988,282.74,286.33,290.19
274.75,284.87,281.69,288.45
273.899994,274.9,275.8,272.37
271.399994,262.55,259.42,259.98
273.450012,258.9,260.34,260.91
277.299988,272.04,272.58,263.69
276.75,262.78,263.3,266.83
278.899994,268.98,266.38,268.02
281.149994,273.15,268.24,270.3
285.0,275.92,273.57,267.5
284.049988,262.54,267.05,267.7
302.049988,267.89,265.5,270.3
297.75,273.08,266.1,260.13
295.850006,266.02,266.52,267.22
303.350006,273.4,272.96,272.55
302.399994,270.46,272.8,272.51
304.100006,271.7,286.25,273.08
320.450012,282.81,280.65,287.55
305.600006,276.55,280.76,282.58
308.850006,278.0,282.22,283.53
306.149994,283.42,275.65,282.88
306.100006,274.66,275.7,277.16
308.450012,275.39,278.48,283.57
310.700012,275.24,278.33,273.46
307.649994,271.43,275.7,275.95
306.950012,271.67,275.81,277.16
304.649994,275.53,275.73,280.39
309.350006,274.55,278.06,276.5
305.299988,282.51,278.06,276.34
314.149994,275.7,275.76,283.59
314.350006,294.58,291.94,288.82
315.549988,285.25,286.34,289.1
323.549988,284.86,286.23,291.04
337.850006,281.04,281.56,282.51
329.75,275.92,275.7,282.76
333.850006,282.51,275.7,282.09
336.899994,275.67,275.8,276.76
332.799988,272.39,272.35,273.35
333.299988,271.83,272.59,269.16
352.75,263.8,271.13,268.41
364.75,271.28,287.07,273.12
347.850006,281.87,287.63,290.87
342.450012,303.22,296.92,290.41
353.25,284.98,285.87,285.72
348.299988,285.4,292.21,289.38
353.049988,292.63,277.2,295.69
354.75,307.0,306.1,307.18
346.899994,305.03,306.1,307.39
349.350006,307.61,306.1,305.61
373.450012,305.77,301.93,305.15
372.399994,298.4,303.58,297.59
369.399994,299.63,291.94,296.7
372.899994,302.88,292.21,294.94
352.299988,281.81,285.79,298.44
354.899994,284.37,288.02,294.96
355.200012,303.7,295.51,298.41
353.899994,294.58,287.63,303.7
350.149994,298.44,288.24,298.44
340.850006,284.94,285.79,287.96
330.350006,285.25,280.62,287.55
335.799988,285.6,281.03,290.96
343.549988,299.63,277.2,283.12
345.25,285.9,287.07,303.08
358.799988,284.79,279.3,297.22
351.049988,300.45,296.43,296.59
357.850006,299.63,292.56,298.54
346.049988,297.31,299.4,298.27
363.299988,302.16,281.16,298.41
368.049988,294.61,288.76,295.99
213.75,281.92,285.71,297.91
203.100006,283.65,286.89,291.4
192.949997,284.94,280.7,288.21
183.399994,285.87,285.94,289.8
191.949997,282.8,283.14,287.88
190.199997,281.38,287.63,290.65
186.5,283.31,300.77,298.41
185.550003,297.66,277.2,303.48
183.5,285.87,286.34,303.7
189.550003,286.0,284.66,290.92
183.399994,285.87,286.34,282.12
183.800003,284.75,281.15,289.24
182.100006,281.16,276.64,282.58
195.649994,274.48,276.8,283.54
204.75,284.87,282.81,283.54
198.75,272.13,276.97,280.02
200.350006,283.39,278.55,281.78
196.75,276.52,277.32,282.69
195.600006,275.6,275.8,276.75
193.899994,274.86,275.6,275.95
189.800003,275.6,276.08,275.95
191.800003,298.32,295.8,273.35
184.300003,273.82,275.7,273.25
185.699997,278.52,280.63,281.91
189.199997,278.0,276.08,260.19
186.600006,262.61,261.06,260.26
185.649994,258.9,273.24,250.93
185.850006,262.57,264.22,267.56
186.100006,273.13,272.19,273.12
183.100006,266.29,276.94,268.44
178.25,282.67,279.3,290.82
180.699997,295.65,276.73,297.51
178.600006,304.83,279.96,297.51
180.25,287.72,286.52,282.58
179.149994,275.1,275.63,276.78
180.199997,275.39,275.71,275.84
180.699997,276.54,285.31,283.3
180.550003,280.87,283.14,285.72
181.850006,285.89,283.59,281.91
183.5,283.37,276.82,283.6
182.0,274.55,276.94,275.95
183.100006,273.8,272.58,273.16
183.25,272.71,272.3,272.99
183.199997,267.84,272.3,264.31
185.300003,271.65,275.62,272.72
183.899994,271.62,270.3,273.23
186.350006,272.81,271.67,269.11
185.949997,271.86,270.57,262.29
185.050003,258.41,261.27,258.46
185.850006,257.68,261.4,259.22
179.949997,258.41,261.28,260.78
173.5,262.77,259.47,264.56
177.050003,262.79,261.06,259.98
173.0,257.12,254.61,257.96
171.199997,255.83,261.34,258.98
165.050003,262.57,266.52,260.65
163.699997,270.32,259.44,266.47
168.899994,255.58,261.86,251.89
169.949997,257.14,259.94,261.9
169.850006,265.81,263.41,262.37
178.949997,264.27,268.88,267.5
176.850006,272.95,275.7,272.75
174.100006,272.81,275.7,278.31
173.149994,285.16,289.11,285.86
170.199997,283.21,285.94,288.71
171.800003,281.0,279.11,287.55
170.350006,284.07,283.14,282.67
170.350006,281.06,279.36,289.75
170.300003,281.93,286.34,290.82
170.0,282.67,282.79,283.59
171.25,283.26,278.62,283.42
179.399994,273.51,275.2,282.51
174.949997,274.68,275.7,274.44
168.550003,271.84,272.01,273.04
163.600006,272.13,272.83,272.41
160.25,271.34,272.09,274.71
155.300003,273.03,273.41,272.38
156.350006,277.49,292.21,275.72
150.25,281.25,285.54,276.97
150.350006,276.52,275.82,276.97
151.300003,283.37,286.34,287.34
153.350006,283.79,286.89,287.91
145.350006,285.99,283.3,283.6
148.600006,275.49,278.41,276.97
149.449997,274.9,278.55,280.75
148.100006,278.0,276.64,278.31
156.5,276.18,275.42,281.78
153.75,271.83,277.56,276.91
155.199997,271.69,275.67,276.9
152.449997,273.2,275.67,274.71
154.100006,274.04,281.31,273.16
154.449997,271.7,273.27,273.05
154.800003,269.84,272.8,273.23
153.800003,281.04,279.65,282.24
154.600006,285.74,290.21,282.76
158.300003,282.94,292.25,278.31
162.149994,271.78,272.07,273.16
163.350006,271.65,273.14,276.88
159.899994,273.55,272.0,276.75
158.850006,272.04,275.66,280.39
162.350006,281.28,281.69,288.29
162.699997,280.85,283.35,289.67
161.899994,282.88,278.64,287.55
160.699997,282.21,281.31,290.0
159.0,281.93,284.44,290.7
161.199997,279.81,276.69,275.72
163.25,275.6,276.94,278.46
166.649994,276.44,278.87,283.5
183.449997,283.46,284.25,281.91
194.399994,279.81,282.23,283.4
191.300003,284.55,290.21,300.98
188.75,282.5,285.2,289.25
187.649994,284.99,284.42,283.06
190.550003,282.14,284.25,290.63
191.949997,282.94,281.37,285.3
191.5,281.0,280.74,288.77
189.5,283.31,283.65,285.16
185.100006,281.37,286.34,288.03
186.75,281.55,287.07,290.99
196.649994,280.93,286.42,291.04
203.449997,285.2,280.6,282.07
205.25,278.0,283.78,285.01
205.850006,283.46,285.42,273.12
203.199997,272.71,277.43,275.72
209.600006,282.74,281.49,283.65
204.949997,286.02,283.14,281.93
204.399994,283.31,275.6,284.31
200.050003,273.61,278.87,276.76
205.5,281.0,276.35,289.25
210.0,282.21,283.35,290.09
204.5,282.59,287.07,290.09
208.399994,284.05,286.34,291.01
204.100006,281.03,281.69,285.01
209.399994,282.41,285.71,290.19
222.649994,281.93,283.07,289.25
229.0,282.78,287.07,282.58
229.649994,274.21,279.6,276.78
228.25,280.78,278.06,281.78
222.25,272.22,272.24,272.94
215.5,267.5,266.78,268.98
218.300003,270.54,272.4,268.41
218.399994,273.55,275.63,276.75
220.350006,272.91,272.2,273.39
222.649994,272.58,274.02,274.44
221.800003,273.09,275.64,273.46
225.149994,281.0,280.61,283.17
234.0,283.31,276.7,283.59
236.75,275.74,277.31,279.3
239.100006,271.67,302.19,281.28
234.149994,298.55,309.06,299.37
230.149994,307.97,312.59,313.98
234.949997,307.31,330.21,310.37
235.699997,331.97,323.38,322.97
233.949997,320.42,321.72,275.44
231.25,306.29,302.23,307.11
232.350006,300.22,334.79,305.61
230.899994,336.31,334.15,341.09
233.949997,344.73,328.33,322.9
233.949997,332.87,314.9,326.91
233.699997,354.17,358.7,358.72
234.300003,339.88,318.65,365.13
235.550003,354.17,358.7,348.4
236.699997,351.19,367.85,345.3
232.149994,355.09,332.13,367.81
243.149994,342.65,359.32,354.21
247.5,342.65,350.0,344.63
255.149994,355.6,342.37,255.85
261.0,368.88,367.71,264.2
248.75,359.75,365.02,346.34
252.75,352.74,348.44,342.49
251.199997,336.8,333.9,323.55
250.399994,332.41,330.22,330.92
248.199997,333.43,348.31,334.7
245.899994,352.49,337.84,342.6
253.399994,336.8,335.58,342.68
256.700012,338.54,334.04,322.1
263.350006,334.34,329.85,333.48
259.0,336.6,334.16,321.59
260.649994,341.05,341.26,339.19
259.299988,339.05,332.52,342.68
53.0,61.63,61.03,59.4
51.25,59.64,59.76,58.77
52.200001,60.2,59.46,60.47
53.650002,60.2,59.46,59.61
53.0,60.2,59.86,57.6
55.5,56.89,56.7,52.35
55.0,55.14,56.7,53.74
53.700001,55.54,56.31,55.13
51.400002,54.78,54.89,55.13
51.799999,57.29,58.78,56.06
55.5,57.29,56.33,57.04
59.950001,56.26,56.61,56.76
59.400002,55.24,55.7,54.49
56.799999,57.14,56.23,54.56
55.5,55.85,59.69,56.69
54.950001,56.7,61.35,56.24
56.0,57.6,56.57,59.22
56.0,57.01,58.78,57.55
55.0,62.34,61.09,55.07
57.0,59.8,61.42,60.11
54.700001,59.8,64.71,60.54
56.900002,65.49,64.7,64.74
57.0,69.87,68.52,62.49
57.0,63.92,63.72,64.08
56.349998,64.53,63.72,63.41
54.700001,63.96,63.91,63.15
55.099998,64.55,64.34,63.31
55.099998,63.08,64.31,63.9
54.0,64.89,64.34,64.82
54.150002,64.95,64.39,66.97
54.799999,64.95,68.66,65.08
54.25,68.93,66.78,67.86
54.0,69.24,67.22,68.56
52.75,65.01,66.02,67.06
53.650002,69.24,69.87,69.8
52.25,71.7,70.69,70.98
52.299999,71.47,70.42,70.19
50.900002,67.79,69.37,69.8
51.5,70.01,71.7,70.98
51.549999,70.17,70.75,70.59
52.700001,71.56,70.75,71.19
51.75,74.01,73.34,71.08
51.700001,70.01,70.22,70.07
52.549999,70.99,70.69,70.98
51.450001,71.47,70.75,70.98
51.200001,71.47,72.8,72.25
51.349998,71.7,71.25,71.03
52.799999,71.56,70.89,65.64
52.299999,67.59,67.22,65.91
52.150002,69.0,68.8,67.06
51.75,65.74,64.77,64.74
51.75,64.28,65.59,65.17
51.75,67.38,66.35,67.77
53.650002,65.74,66.43,66.58
53.400002,65.81,70.76,67.86
54.049999,67.59,65.59,65.64
51.650002,64.55,64.75,64.74
51.700001,63.46,64.06,64.17
50.549999,67.07,65.34,65.35
50.200001,65.74,64.77,64.74
48.75,64.55,64.71,65.64
49.700001,64.95,64.39,64.65
51.5,64.87,64.61,64.08
51.349998,65.12,65.06,63.94
49.5,63.56,62.89,62.22
49.349998,62.05,60.86,62.09
49.950001,60.61,63.03,61.56
49.0,62.05,64.06,62.36
49.549999,64.55,63.72,62.16
49.75,63.02,61.75,62.16
51.900002,60.65,61.48,60.66
52.900002,63.77,65.46,60.01
52.099998,59.95,60.74,59.87
52.0,59.4,59.46,59.61
49.599998,58.99,62.84,60.14
47.299999,61.7,63.52,62.8
46.650002,62.13,63.07,63.2
46.5,63.92,63.16,63.15
45.400002,61.37,62.43,60.51
46.0,60.57,61.81,61.5
46.099998,61.63,63.32,62.8
45.900002,63.02,62.8,60.23
45.25,61.02,60.16,60.93
45.099998,60.2,62.7,60.38
45.0,60.57,62.84,61.5
45.0,63.96,63.32,63.03
44.900002,63.81,63.32,63.85
47.349998,63.02,61.75,60.93
48.0,60.2,59.86,60.23
48.900002,59.26,59.69,59.04
50.900002,57.45,59.6,57.77
49.5,60.53,60.46,60.51
51.950001,60.28,59.56,61.03
51.599998,64.25,63.32,61.5
51.200001,61.02,60.64,61.5
51.849998,62.76,61.48,59.16
50.650002,58.41,59.69,58.91
50.849998,59.75,59.86,59.4
51.0,59.75,59.86,59.66
48.200001,59.64,58.85,59.45
46.700001,59.75,58.85,60.51
48.900002,59.75,58.85,55.5
46.900002,56.64,56.2,57.34
49.150002,55.85,55.84,56.02
49.599998,55.21,54.37,56.1
50.150002,55.21,58.55,56.1
50.400002,57.29,56.46,56.82
50.0,59.69,58.85,56.89
50.599998,54.9,56.7,53.13
49.700001,57.65,56.61,56.1
50.950001,55.85,57.29,56.14
49.75,56.98,56.25,57.12
49.299999,56.64,56.33,56.24
51.0,52.68,57.02,52.98
49.5,54.78,54.72,55.13
49.0,53.16,55.29,53.89
50.0,54.27,53.3,55.07
50.849998,55.07,56.07,55.13
50.25,57.29,58.85,56.69
49.599998,59.06,58.7,59.22
49.650002,57.21,60.46,58.64
49.099998,59.13,60.91,60.2
49.0,58.55,59.86,59.95
49.200001,61.02,61.03,59.66
52.099998,60.97,60.13,59.1
51.599998,58.41,59.46,58.77
53.5,56.5,57.29,57.29
62.799999,56.86,56.33,57.49
60.349998,57.76,59.65,58.16
59.5,56.7,57.66,56.82
59.049999,58.63,57.5,57.77
57.549999,59.13,60.07,58.77
56.849998,58.41,59.06,59.4
56.049999,60.08,60.13,57.6
57.700001,56.38,59.86,57.16
59.799999,59.75,59.83,58.77
59.849998,61.91,60.74,60.54
59.0,63.02,61.75,62.42
57.549999,62.9,61.68,62.42
57.549999,63.96,62.89,61.14
59.700001,60.73,61.35,61.76
63.349998,61.02,60.19,61.5
62.25,60.57,60.54,60.83
65.050003,63.08,64.77,61.89
63.599998,64.95,64.92,63.9
64.400002,65.12,66.1,66.29
62.450001,64.16,64.31,64.74
62.0,64.67,63.91,64.87
61.799999,63.96,62.89,62.8
61.549999,63.69,62.54,62.8
61.599998,61.91,60.74,61.5
62.0,62.63,61.48,60.98
60.349998,60.73,62.59,60.98
59.900002,67.17,65.34,60.66
58.799999,59.9,63.72,60.62
59.900002,61.7,63.52,62.86
59.549999,63.96,64.77,63.36
61.099998,64.55,64.48,63.46
61.900002,63.96,62.89,64.3
64.300003,63.25,64.7,63.56
64.199997,63.96,63.72,64.12
65.199997,64.77,64.09,64.26
67.699997,65.44,64.68,63.85
68.449997,64.55,63.72,64.03
75.150002,63.02,63.95,63.85
85.5,63.25,62.89,63.99
91.099998,64.55,64.06,63.85
87.449997,64.95,64.39,63.94
96.050003,62.83,66.02,63.15
97.300003,64.95,65.52,64.87
97.400002,64.5,63.72,64.74
95.099998,63.36,64.37,62.8
94.050003,62.9,63.99,63.76
99.949997,62.13,62.49,63.2
109.550003,63.96,62.89,63.36
106.0,63.56,62.84,62.8
102.25,63.14,63.36,60.51
95.849998,62.2,61.03,61.14
92.550003,60.39,62.84,60.93
99.550003,60.35,60.19,60.51
96.300003,60.2,59.65,59.87
102.199997,59.75,60.37,60.51
100.150002,61.49,60.5,60.01
94.5,58.92,59.36,60.08
92.199997,60.0,59.19,60.2
94.199997,57.45,59.86,59.04
92.550003,61.56,63.64,61.03
92.75,63.96,63.49,61.63
95.699997,61.63,60.54,59.4
95.949997,59.26,60.54,59.87
98.550003,59.75,59.83,60.35
97.199997,59.75,61.48,60.2
93.800003,61.49,60.46,60.58
94.75,60.73,60.16,60.74
94.050003,61.56,61.35,60.88
94.300003,62.76,63.49,63.66
93.050003,64.67,64.77,64.03
90.449997,65.74,65.59,65.64
93.400002,63.99,64.34,63.85
92.900002,63.02,64.09,63.85
93.099998,63.99,63.99,64.48
91.400002,63.99,63.12,63.9
88.400002,62.7,62.31,62.74
90.349998,63.14,61.88,63.36
90.25,62.34,65.59,63.36
89.199997,65.39,64.75,64.78
90.300003,64.39,63.95,64.21
91.050003,63.14,63.45,63.85
89.199997,63.02,62.89,63.85
98.099998,63.02,63.72,63.85
99.800003,63.31,64.39,64.03
98.150002,63.99,63.72,64.39
94.099998,63.99,63.6,64.78
101.400002,63.96,62.89,63.41
97.25,62.34,62.8,63.03
96.949997,64.19,63.2,63.66
94.949997,62.83,62.49,63.09
96.550003,63.65,62.89,63.2
97.0,63.56,62.89,63.9
95.150002,63.56,62.37,63.36
95.199997,61.63,62.7,62.8
94.150002,63.31,63.36,63.85
95.800003,64.03,65.24,64.78
94.5,66.57,65.06,65.8
96.949997,64.67,64.77,65.64
98.099998,64.28,65.29,65.17
98.400002,65.49,64.92,66.97
110.900002,66.57,65.59,67.41
113.099998,66.12,67.22,66.81
108.650002,66.86,70.3,69.55
107.800003,70.99,72.07,72.09
108.050003,71.7,70.75,71.7
106.449997,70.88,70.42,71.03
112.949997,69.64,70.69,70.46
120.849998,71.3,76.25,71.19
126.099998,78.12,78.06,76.1
125.349998,76.02,75.65,75.63
118.900002,75.33,78.63,75.9
131.350006,77.94,79.04,77.0
131.449997,81.25,79.95,78.13
126.5,78.46,85.32,78.29
128.300003,81.62,82.5,80.8
126.949997,81.9,82.1,82.48
126.599998,80.54,82.04,80.53
133.949997,81.38,80.28,78.65
127.849998,77.23,78.14,78.4
129.350006,80.72,80.8,78.95
126.949997,78.47,77.66,78.04
124.400002,77.65,77.61,78.43
121.300003,78.4,78.43,78.43
122.099998,78.44,78.45,78.38
122.199997,77.8,77.07,77.46
125.449997,77.65,78.97,78.59
126.0,81.81,81.99,81.58
124.050003,81.38,81.82,82.15
120.300003,81.95,81.4,82.4
124.150002,81.0,80.8,81.14
134.850006,81.9,79.2,78.63
138.600006,78.48,79.04,78.73
137.75,78.45,77.49,78.45
142.0,76.96,76.41,76.47
146.399994,71.66,75.65,75.16
155.25,75.39,75.65,76.13
165.25,75.7,75.5,75.97
172.199997,75.54,75.39,74.92
166.649994,73.04,72.27,72.58
165.949997,70.77,72.27,71.53
164.199997,73.82,74.49,74.73
166.550003,71.64,74.15,75.1
179.699997,71.57,74.57,73.94
179.350006,72.4,74.24,72.69
173.25,71.25,70.55,71.25
199.949997,69.71,70.75,69.92
194.800003,71.25,70.65,70.29
191.300003,70.5,70.69,70.43
189.449997,70.05,68.87,70.19
179.300003,69.24,68.59,69.03
190.550003,70.01,68.8,70.1
194.600006,67.59,67.31,65.17
193.5,69.77,69.12,69.4
187.5,69.24,69.98,69.29
184.699997,70.01,69.54,70.54
178.75,69.77,70.34,70.19
182.800003,68.28,68.45,66.97
182.449997,65.74,64.77,63.46
180.699997,64.64,64.06,64.43
179.350006,64.28,65.59,65.17
184.550003,64.36,63.45,65.26
199.449997,64.09,64.92,64.87
215.649994,65.88,64.81,63.85
210.5,61.77,62.25,58.91
227.600006,59.64,59.76,57.77
224.800003,60.2,59.98,56.72
207.0,58.34,60.16,57.55
196.0,56.18,56.28,56.24
217.399994,56.46,56.49,57.04
198.550003,58.41,58.92,59.87
191.050003,59.69,60.8,60.2
203.350006,60.24,60.8,60.83
205.050003,61.56,60.54,62.68
207.399994,61.24,60.33,60.7
204.899994,59.8,59.69,60.08
208.949997,57.5,58.39,58.16
211.5,56.83,56.91,57.29
206.649994,57.41,58.06,58.84
210.300003,57.01,56.85,57.49
202.949997,58.41,57.29,54.89
199.600006,57.11,56.33,57.39
199.800003,56.95,56.33,55.35
201.649994,57.82,56.91,56.41
196.550003,55.93,55.77,55.19
200.100006,55.85,55.7,56.02
203.149994,55.85,56.33,56.34
206.75,57.21,56.28,57.16
208.550003,56.64,56.07,57.16
204.850006,55.4,54.56,54.42
204.699997,53.5,53.3,53.74
202.800003,52.97,53.3,53.2
203.199997,52.97,53.4,52.3
203.149994,52.85,52.56,52.52
208.100006,52.74,52.22,53.35
207.449997,52.97,52.22,52.77
206.699997,52.34,52.94,52.21
208.149994,52.17,53.3,52.52
207.050003,53.5,53.1,53.66
205.100006,53.77,53.67,53.82
203.75,53.7,53.3,53.66
206.399994,54.27,53.67,55.07
204.449997,54.27,53.44,54.2
206.25,50.16,53.05,50.96
205.25,53.43,53.99,54.2
205.100006,53.04,54.07,53.74
206.199997,53.1,53.75,53.2
216.399994,53.63,52.78,51.73
239.399994,51.32,51.5,51.51
231.449997,51.05,53.71,51.57
227.600006,52.74,52.99,53.05
234.649994,55.07,55.03,55.07
239.5,55.58,55.59,55.13
231.350006,60.28,59.56,54.69
211.800003,52.97,52.67,51.78
205.600006,52.85,52.39,51.97
215.199997,54.93,54.77,53.89
218.75,55.85,59.86,56.69
219.149994,60.65,59.98,58.97
220.300003,57.33,56.7,57.16
213.0,56.8,56.13,55.35
202.649994,57.14,56.23,55.3
198.350006,56.98,56.1,56.06
201.600006,55.24,56.23,55.78
201.550003,55.21,54.37,55.78
203.75,56.74,55.94,56.38
209.5,55.93,55.03,55.6
209.75,56.8,55.97,53.97
210.25,55.89,55.84,56.72
202.699997,56.64,55.77,57.49
204.600006,56.64,55.77,56.69
205.449997,54.54,54.6,53.66
195.100006,55.85,55.2,55.69
190.399994,56.02,55.12,56.02
190.550003,56.46,55.59,55.07
189.399994,52.85,54.94,53.51
194.550003,54.78,54.94,53.66
199.949997,55.62,54.94,54.27
216.050003,52.74,53.3,53.35
220.850006,54.27,53.3,52.46
229.5,53.43,53.58,54.12
230.050003,54.69,53.71,52.35
239.5,52.06,51.94,52.04
235.399994,51.67,50.86,49.65
246.350006,51.78,52.06,50.54
237.449997,50.82,51.56,51.12
246.449997,51.46,52.22,51.48
276.649994,52.02,51.5,52.08
264.200012,51.74,52.39,51.8
273.799988,51.37,51.72,51.16
290.75,51.5,51.56,51.48
279.200012,52.02,51.12,51.75
269.350006,52.43,51.83,51.83
259.899994,52.57,52.17,53.13
252.75,52.17,52.83,52.35
261.399994,52.29,51.5,52.41
270.450012,52.13,51.83,51.65
282.700012,51.85,50.86,52.08
283.25,51.85,50.86,52.08
286.75,51.85,52.94,52.08
274.200012,51.74,52.72,51.94
273.149994,51.85,53.35,51.65
279.049988,51.37,51.39,51.68
270.899994,54.27,53.3,51.41
267.299988,51.67,51.34,51.07
268.600006,50.16,50.25,50.79
262.649994,49.8,51.39,47.53
257.149994,48.47,50.81,49.02
266.200012,49.58,51.61,49.75
259.200012,52.21,51.39,50.35
259.200012,51.16,50.91,47.36
249.399994,49.58,49.32,49.65
244.75,48.85,49.58,48.72
262.350006,49.04,49.5,49.1
255.850006,49.62,49.93,49.26
254.699997,49.66,49.79,50.29
244.899994,50.58,52.0,51.3
242.050003,55.85,54.94,51.41
238.149994,52.02,51.23,52.3
250.399994,52.02,51.12,52.3
250.149994,51.11,51.07,50.35
264.100006,49.39,49.77,48.79
268.25,47.62,46.6,47.62
267.549988,47.39,46.6,47.45
275.899994,45.36,45.3,44.95
263.700012,46.79,45.97,46.1
256.700012,46.0,45.4,47.0
261.649994,45.86,45.4,46.82
264.100006,45.15,45.15,45.34
262.799988,45.2,45.85,45.0
264.350006,45.73,45.74,45.1
262.549988,44.95,45.44,45.33
264.899994,44.93,45.27,45.45
268.200012,45.6,46.41,45.68
269.149994,49.18,48.61,49.1
283.450012,48.63,48.74,49.1
280.899994,49.23,50.52,48.23
280.100006,49.62,49.35,50.23
272.0,51.22,51.12,51.07
269.0,50.7,51.72,51.34
265.450012,51.22,50.61,51.34
272.700012,50.64,50.96,51.34
259.75,50.64,50.91,51.34
256.350006,51.0,51.18,51.51
257.75,50.46,50.86,51.21
252.399994,51.22,51.39,48.92
245.899994,48.04,47.76,48.16
244.149994,46.21,48.8,47.0
241.75,48.63,48.54,47.0
227.399994,48.81,49.16,48.53
234.899994,49.25,49.6,49.24
230.350006,49.8,50.86,50.54
242.0,51.16,50.17,49.31
239.0,50.88,49.96,50.1
245.600006,50.16,49.9,49.65
242.5,50.4,50.1,50.23
249.699997,50.58,50.17,50.48
245.600006,49.8,49.47,50.54
249.199997,50.16,50.06,49.65
247.699997,51.22,50.61,49.65
245.699997,49.66,49.6,50.23
245.600006,49.28,48.86,49.65
248.199997,48.85,50.91,49.18
261.700012,51.22,51.67,50.29
255.100006,49.02,49.84,49.28
267.799988,50.05,49.77,50.35
258.200012,49.75,50.17,50.23
252.300003,49.33,48.97,49.75
252.800003,49.1,49.45,49.37
260.0,49.3,49.45,49.52
253.699997,49.28,53.83,49.65
251.300003,51.7,51.61,51.94
257.299988,50.94,54.14,51.12
272.600006,63.96,64.5,62.29
260.799988,61.98,62.89,60.7
252.699997,60.57,61.55,59.7
246.399994,59.13,60.5,59.79
251.0,59.13,58.06,57.2
248.699997,56.64,56.57,56.5
242.0,56.64,56.49,56.69
241.300003,55.81,56.28,56.66
249.899994,57.55,59.12,58.7
260.100006,59.52,59.25,60.14
264.299988,59.69,58.85,59.87
257.399994,59.4,58.39,57.72
269.799988,58.13,58.55,58.09
280.200012,57.29,60.07,56.69
273.200012,60.42,63.95,61.09
287.399994,63.36,62.13,63.09
285.399994,64.45,65.46,63.41
282.5,64.53,63.72,63.9
269.600006,64.5,65.24,64.48
255.800003,64.34,63.4,63.03
262.399994,63.92,62.89,62.8
261.899994,62.34,61.16,62.49
266.799988,61.63,60.54,62.16
268.899994,61.91,61.48,62.16
261.5,63.92,62.84,61.26
250.899994,60.57,60.5,60.7
252.399994,60.08,59.83,60.26
251.100006,61.49,60.46,59.28
253.199997,60.35,59.65,58.91
255.0,60.57,62.65,60.2
260.899994,60.57,60.33,59.61
247.699997,59.8,60.54,60.54
244.5,62.56,64.48,62.16
244.600006,63.96,64.46,64.74
250.0,64.42,64.13,65.17
239.5,65.67,67.91,66.97
241.600006,67.59,69.43,69.59
239.0,68.55,78.45,69.97
240.5,74.86,85.4,76.28
239.5,91.52,95.04,89.1
240.899994,91.31,91.53,91.84
244.199997,95.95,93.73,96.15
242.5,97.3,97.53,96.23
240.399994,97.3,95.13,94.39
242.100006,97.3,95.09,95.2
240.100006,94.34,95.01,93.92
231.0,94.33,99.85,94.41
229.899994,97.35,107.25,100.18
226.5,105.9,107.25,106.1
230.199997,102.35,102.35,102.35
224.300003,97.35,100.19,96.52
221.699997,94.81,95.19,93.69
211.100006,92.47,97.05,94.26
210.800003,96.64,96.2,97.11
200.899994,96.09,99.91,96.77
209.600006,100.05,100.05,100.25
212.800003,96.77,96.14,94.93
207.600006,93.98,93.57,91.89
214.899994,92.05,94.2,94.1
210.199997,94.33,95.07,93.34
218.600006,90.97,91.58,91.68
219.600006,93.98,95.05,94.21
229.5,95.22,96.89,95.38
230.399994,94.39,96.09,94.56
236.0,97.1,98.74,97.11
239.199997,97.15,95.04,94.39
236.899994,94.65,94.65,94.5
235.899994,95.01,95.01,94.58
241.0,94.33,94.94,94.61
235.399994,94.33,93.17,94.14
242.399994,93.91,92.23,90.35
252.699997,90.92,91.74,93.3
252.899994,94.39,92.8,93.62
254.399994,93.0,91.86,94.21
249.899994,94.25,91.5,92.03
261.5,90.92,88.44,88.72
261.5,90.45,92.18,90.11
256.299988,90.96,90.75,90.35
262.399994,90.92,89.3,89.1
266.5,90.4,89.22,90.76
270.399994,90.95,90.16,91.15
264.200012,91.25,89.68,90.04
262.899994,90.61,95.03,90.17
262.299988,95.9,97.38,97.22
275.399994,96.73,97.19,98.77
271.600006,96.6,96.78,94.48
269.0,94.33,100.16,93.62
265.600006,97.35,100.14,97.15
263.399994,97.3,97.16,97.19
257.299988,95.08,95.01,95.03
258.700012,93.68,95.08,94.39
258.899994,97.09,95.19,95.91
267.600006,97.3,95.05,95.32
266.5,94.43,95.06,95.14
266.200012,96.52,94.8,94.84
270.5,94.81,95.07,96.17
274.100006,94.4,93.65,94.58
282.600006,96.09,97.05,95.91
284.899994,97.32,98.0,98.0
289.200012,97.13,96.74,98.97
285.299988,97.09,110.8,99.07
270.200012,113.2,113.2,108.75
267.700012,108.75,108.55,108.75
271.399994,106.06,107.9,107.93
283.799988,108.15,110.35,107.95
306.200012,106.89,106.35,106.35
305.5,104.28,112.85,107.84
298.5,120.75,120.95,120.95
287.299988,126.2,125.42,119.08
238.100006,126.06,125.43,123.06
232.800003,122.12,120.54,119.0
225.600006,126.2,131.45,121.16
254.300003,131.35,131.55,131.55
274.200012,125.9,126.6,127.44
264.100006,125.53,126.6,128.3
255.5,126.85,125.75,124.41
244.300003,126.08,124.44,127.07
237.100006,132.71,137.7,128.57
229.5,138.5,127.95,127.07
212.699997,129.45,126.24,129.25
224.600006,131.85,126.91,128.41
235.899994,125.53,124.88,124.62
236.699997,125.64,125.6,121.92
235.5,122.09,122.2,122.2
239.399994,122.1,120.98,122.53
236.5,125.35,125.55,125.55
234.699997,125.9,126.6,125.7
243.800003,125.97,123.95,124.15
242.800003,125.35,120.71,120.4
237.800003,124.25,120.98,122.17
242.699997,125.64,134.75,127.07
243.699997,138.5,138.7,138.7
237.800003,137.85,137.65,137.65
239.5,141.9,141.9,142.1
241.600006,146.5,146.3,146.5
243.399994,155.15,155.35,156.25
245.199997,153.46,167.69,156.88
247.0,169.37,175.35,171.72
250.0,172.31,170.19,170.3
247.699997,160.51,169.9,161.58
296.399994,169.83,164.3,164.85
282.200012,164.42,166.45,165.58
286.5,170.45,179.6,170.79
291.0,181.35,179.45,179.45
303.799988,179.37,175.05,156.75
301.799988,175.31,202.29,178.65
306.700012,200.1,199.65,192.66
296.899994,194.75,193.52,186.52
305.0,186.62,189.7,188.62
305.299988,187.55,184.66,179.66
300.399994,181.35,188.94,178.28
295.100006,191.95,194.7,192.85
291.0,200.25,192.95,186.92
282.600006,190.71,188.94,186.7
280.5,186.91,183.86,186.24
276.600006,185.78,179.45,178.65
278.600006,180.09,180.54,180.63
275.5,186.02,184.84,183.87
274.399994,183.25,180.6,182.45
270.700012,184.34,180.4,181.79
271.399994,179.42,185.32,182.0
281.700012,185.41,199.34,186.45
282.299988,203.36,217.79,203.28
296.200012,210.6,208.58,213.11
298.100006,210.61,231.7,211.79
294.299988,229.14,227.67,224.9
296.299988,226.37,234.0,205.37
301.600006,203.3,207.35,192.56
301.100006,200.25,217.59,189.5
303.0,211.6,210.62,198.65
317.899994,191.28,192.49,192.56
321.899994,191.61,201.45,201.79
322.799988,205.17,203.92,204.95
322.100006,205.75,208.45,206.46
317.200012,204.99,204.28,205.46
318.899994,205.2,215.0,206.72
329.299988,211.6,208.08,210.49
336.5,210.32,207.42,202.49
319.299988,208.26,209.53,210.89
290.700012,208.06,204.5,202.9
295.899994,200.2,199.7,203.5
308.700012,201.17,202.22,199.7
310.600006,200.63,204.33,202.54
302.799988,190.7,201.23,199.52
298.100006,200.2,200.2,203.45
303.299988,203.3,199.51,203.09
305.100006,204.14,207.55,204.98
300.700012,205.07,208.45,210.2
299.100006,205.2,206.96,205.11
298.100006,205.18,205.87,205.04
299.299988,205.77,203.2,202.9
300.149994,205.75,209.53,202.45
298.799988,204.77,203.2,204.37
296.600006,203.3,207.46,205.46
296.5,207.86,207.35,206.1
301.399994,205.97,206.04,207.25
299.299988,205.62,207.49,208.05
297.549988,204.94,207.49,209.42
290.75,205.2,207.31,205.5
298.549988,205.37,204.0,205.11
290.5,203.36,206.21,205.54
286.549988,204.94,203.77,205.4
284.450012,205.16,205.62,206.98
277.700012,205.15,203.74,205.04
261.600006,205.2,203.03,205.5
252.0,205.34,202.26,205.02
256.600006,205.16,216.78,207.12
246.100006,217.82,239.5,221.38
240.100006,236.33,236.2,231.35
235.850006,234.13,230.97,228.89
235.300003,234.55,234.0,230.82
233.550003,237.05,248.68,239.6
230.300003,236.8,232.45,231.45
249.149994,230.84,230.22,211.7
252.649994,210.6,209.25,205.5
242.800003,205.2,209.39,204.95
236.449997,210.6,218.85,218.85
231.800003,214.9,219.25,219.07
231.0,223.34,220.94,220.66
239.300003,218.36,212.9,210.13
230.399994,211.03,209.45,202.39
231.25,203.33,198.77,198.45
222.149994,203.65,201.69,202.59
222.25,194.75,201.45,198.65
231.050003,203.65,201.6,203.65
222.0,204.05,207.42,204.95
220.050003,211.6,209.85,209.08
220.350006,208.06,209.53,211.28
221.0,206.25,204.0,205.03
230.25,203.65,200.26,203.63
231.5,204.5,207.43,205.54
233.149994,205.37,201.78,194.27
225.0,191.88,194.81,192.46
220.199997,191.95,189.01,191.4
225.100006,189.13,189.62,189.5
241.0,189.76,192.95,193.56
243.149994,200.2,200.26,203.34
246.5,200.25,218.36,202.89
271.600006,221.2,219.8,218.85
277.899994,223.37,230.8,225.51
273.899994,234.67,230.23,230.31
274.649994,236.87,235.37,231.36
271.350006,236.8,239.13,237.79
274.549988,238.97,247.07,237.13
272.649994,242.54,239.11,234.73
273.549988,234.45,243.16,238.56
275.350006,246.76,275.64,247.83
276.649994,272.22,277.91,263.04
284.25,269.63,275.04,266.47
282.350006,273.55,287.07,272.39
276.700012,281.35,279.3,279.3
276.899994,275.24,275.7,269.45
275.799988,266.35,272.83,259.8
281.299988,261.77,261.86,253.95
283.299988,256.11,264.93,258.28
277.700012,262.79,266.78,259.91
277.399994,272.97,281.69,268.29
272.100006,283.35,283.35,283.15
274.450012,283.2,286.74,286.65
271.600006,281.04,280.63,273.25
273.25,272.81,272.1,273.05
273.100006,271.7,277.54,275.48
271.25,275.6,275.63,273.35
271.350006,272.31,274.13,268.41
271.799988,268.36,267.97,270.3
271.549988,267.5,268.45,263.76
271.950012,257.88,260.46,259.8
272.350006,259.65,263.53,259.26
268.100006,267.31,263.53,260.0
268.899994,259.3,263.53,257.61
270.649994,258.3,254.51,248.67
269.100006,245.43,245.98,231.54
266.200012,242.21,261.4,247.88
263.549988,263.8,261.01,258.59
263.700012,257.26,254.6,257.93
262.5,252.38,248.85,248.01
263.25,242.15,242.04,242.9
259.450012,241.37,239.36,238.05
259.0,236.8,254.61,239.43
265.350006,252.4,246.35,248.67
262.450012,252.3,267.33,252.27
260.799988,267.34,265.26,268.71
260.100006,267.45,267.79,268.41
263.75,266.93,275.61,271.98
270.850006,271.62,270.3,264.97
277.149994,262.8,259.42,258.98
276.299988,262.6,260.2,262.29
274.75,266.9,263.79,264.0
273.899994,262.7,262.07,260.03
271.399994,262.68,264.45,264.97
273.450012,262.7,263.41,262.45
277.299988,262.65,261.06,267.1
276.75,262.79,263.59,266.55
278.899994,267.5,269.12,269.25
281.149994,270.86,278.87,270.3
285.0,281.0,280.8,282.69
284.049988,277.49,276.8,283.59
302.049988,280.55,275.6,272.39
297.75,272.93,272.24,268.41
295.850006,269.84,266.65,264.97
303.350006,267.77,272.8,269.16
302.399994,272.28,272.43,260.26
304.100006,257.12,258.04,259.8
320.450012,258.41,254.78,257.96
305.600006,257.87,254.21,253.03
308.850006,253.05,246.64,247.82
306.149994,246.33,247.41,245.42
306.100006,236.4,242.57,241.85
308.450012,236.8,242.32,223.94
310.700012,234.78,230.3,227.97
307.649994,230.25,230.59,231.49
306.950012,234.55,241.9,234.53
304.649994,239.66,242.25,239.6
309.350006,236.74,242.1,242.38
305.299988,243.63,244.08,243.28
314.149994,239.15,246.15,245.7
314.350006,252.38,251.72,248.15
315.549988,244.27,244.08,248.04
323.549988,243.66,249.48,248.42
337.850006,245.6,247.2,242.9
329.75,242.54,242.16,245.7
333.850006,246.59,248.1,245.14
336.899994,250.36,261.4,251.73
332.799988,255.0,261.71,256.73
333.299988,256.13,263.53,257.82
352.75,257.16,259.56,259.8
364.75,257.31,255.41,252.2
347.850006,252.82,251.1,251.72
342.450012,255.78,261.4,257.32
353.25,257.12,254.61,257.61
348.299988,255.28,252.34,251.72
353.049988,257.4,254.54,253.67
354.75,259.66,281.69,260.0
346.899994,271.62,272.02,261.19
349.350006,257.31,261.45,253.95
373.450012,254.3,248.68,247.9
372.399994,243.74,250.9,248.67
369.399994,252.63,246.52,248.8
372.899994,245.6,242.1,243.09
352.299988,243.63,244.08,237.79
354.899994,243.95,246.2,247.82
355.200012,252.62,260.95,255.12
353.899994,258.19,261.45,258.28
350.149994,257.5,260.26,259.8
340.850006,259.19,269.49,259.98
330.350006,270.66,277.19,272.9
335.799988,274.68,275.62,270.3
343.549988,268.67,295.67,272.06
345.25,283.31,291.77,285.3
358.799988,281.0,285.2,282.76
351.049988,283.31,276.8,270.3
357.850006,262.57,261.06,257.61
346.049988,257.12,261.4,259.74
363.299988,270.04,262.0,262.29
368.049988,266.9,266.52,267.7
213.75,269.0,271.67,267.04
203.100006,268.36,261.4,260.78
192.949997,267.77,259.94,251.46
183.399994,252.3,247.43,247.62
191.949997,252.63,252.18,252.08
190.199997,252.96,250.54,248.67
186.5,257.4,264.85,257.32
185.550003,256.92,258.25,257.9
183.5,257.21,256.15,248.67
189.550003,243.63,243.16,245.14
183.399994,251.76,245.15,247.99
183.800003,249.2,247.2,250.99
182.100006,243.63,239.6,239.6
195.649994,241.29,239.2,238.05
204.75,238.85,239.13,239.87
198.75,236.8,234.56,240.55
200.350006,236.42,234.18,239.73
196.75,236.88,238.05,239.59
195.600006,238.87,245.98,242.65
193.899994,246.72,242.1,243.48
189.800003,242.28,242.16,241.64
191.800003,236.98,239.31,242.22
184.300003,236.8,234.96,241.21
185.699997,237.31,232.4,231.45
189.199997,230.0,226.21,231.53
186.600006,230.55,224.97,225.7
185.649994,230.3,230.95,231.54
185.850006,230.26,224.2,224.91
186.100006,221.7,218.36,211.01
183.100006,218.32,210.07,211.61
178.25,210.59,215.84,210.7
180.699997,210.78,207.86,202.54
178.600006,200.2,206.04,203.37
180.25,208.06,207.86,212.7
179.149994,211.29,207.5,209.86
180.199997,210.78,209.09,210.7
180.699997,210.3,207.44,210.49
180.550003,210.82,215.84,218.81
181.850006,218.57,214.42,219.07
183.5,222.44,229.6,226.46
182.0,233.97,227.31,230.3
183.100006,230.0,231.57,231.49
183.25,236.74,240.46,238.05
183.199997,236.8,237.0,239.41
185.300003,238.67,232.4,237.01
183.899994,237.65,239.42,240.02
186.350006,235.15,230.3,231.82
185.949997,239.29,239.75,239.83
185.050003,236.98,251.1,242.22
185.850006,249.2,251.1,251.3
179.949997,254.3,249.4,251.72
173.5,250.36,247.07,247.24
177.050003,255.42,261.4,257.96
173.0,262.8,265.34,259.85
171.199997,263.8,261.4,258.28
165.050003,258.84,258.67,259.95
163.699997,262.8,262.48,264.31
168.899994,267.77,270.3,268.41
169.949997,269.84,267.97,265.25
169.850006,262.8,260.09,261.98
178.949997,265.19,260.6,262.29
176.850006,267.5,271.99,269.16
174.100006,273.55,272.8,268.48
173.149994,262.55,270.3,263.82
170.199997,273.08,269.0,268.41
171.800003,270.23,262.98,264.69
170.350006,259.67,253.83,259.99
170.350006,256.83,259.45,258.8
170.300003,257.78,254.61,260.0
170.0,263.8,267.97,267.7
171.25,269.28,267.97,268.54
179.399994,270.54,266.52,267.4
174.949997,269.63,266.52,265.11
168.550003,271.62,272.8,273.16
163.600006,273.4,275.7,276.74
160.25,283.31,281.31,285.86
155.300003,281.0,289.1,286.4
156.350006,285.4,285.2,282.38
150.25,278.0,275.7,270.3
150.350006,273.51,275.63,264.18
151.300003,270.49,268.77,264.97
153.350006,271.43,286.23,273.16
145.350006,282.51,306.1,282.11
148.600006,304.1,305.6,305.6
149.449997,299.06,300.47,298.6
148.100006,282.5,285.2,290.09
156.5,275.6,275.71,231.4
153.75,239.29,247.35,221.2
155.199997,230.7,241.87,225.5
152.449997,231.26,254.4,235.07
154.100006,261.43,278.87,261.82
154.449997,270.25,268.34,264.56
154.800003,257.16,260.93,258.02
153.800003,260.37,255.41,246.53
154.600006,242.07,248.1,238.31
158.300003,236.8,232.45,225.84
162.149994,230.17,234.0,216.27
163.350006,211.57,224.7,214.18
159.899994,230.17,235.24,231.53
158.850006,230.0,235.24,230.32
162.350006,236.8,245.15,236.1
162.699997,243.63,239.13,238.8
161.899994,236.4,238.61,237.79
160.699997,236.15,237.38,235.07
159.0,236.81,239.26,240.98
161.199997,236.26,240.46,242.9
163.25,242.31,247.16,235.75
166.649994,236.8,239.42,240.01
183.449997,238.02,241.98,245.14
194.399994,242.28,242.16,239.73
191.300003,234.08,236.61,232.45
188.75,242.32,239.15,231.6
187.649994,243.63,242.26,244.61
190.550003,243.33,242.29,247.89
191.949997,244.17,246.9,247.82
191.5,252.82,254.4,243.95
189.5,257.05,250.33,247.8
185.100006,270.32,291.9,268.02
186.75,299.63,287.12,282.0
196.649994,279.04,286.31,276.78
203.449997,285.94,286.34,286.4
205.25,303.7,309.49,303.7
205.850006,301.5,306.1,303.86
203.199997,300.38,303.0,300.92
209.600006,305.17,301.53,296.8
204.949997,299.63,308.6,298.64
204.399994,305.41,305.2,305.2
200.050003,300.3,300.3,300.3
205.5,300.38,298.57,295.84
210.0,292.61,292.56,290.9
204.5,282.5,286.37,281.94
208.399994,282.67,281.44,282.63
204.100006,281.93,276.7,276.5
209.399994,275.6,278.25,276.9
222.649994,275.6,277.86,275.95
229.0,275.23,273.04,274.71
229.649994,273.82,273.33,267.7
228.25,266.7,268.15,269.56
222.25,271.7,278.87,272.51
215.5,274.68,278.84,282.4
218.300003,281.93,296.3,287.75
218.399994,301.91,298.0,295.79
220.350006,299.95,296.92,294.94
222.649994,293.42,296.92,298.27
221.800003,296.88,303.0,298.57
225.149994,298.79,301.0,298.37
234.0,299.63,302.64,303.1
236.75,305.62,309.4,305.63
239.100006,322.0,321.8,322.77
234.149994,311.6,322.7,322.9
230.149994,322.2,322.0,321.67
234.949997,317.3,320.78,318.37
235.699997,315.53,324.14,318.8
233.949997,314.79,329.2,323.8
231.25,336.4,342.39,336.6
232.350006,340.66,334.72,319.2
230.899994,306.49,314.0,283.23
233.949997,298.32,295.8,299.77
233.949997,299.56,306.13,297.98
233.699997,301.97,310.5,305.36
234.300003,300.45,302.61,300.37
235.550003,300.8,301.83,298.1
236.699997,299.0,298.57,298.11
232.149994,298.56,301.83,300.07
243.149994,303.94,301.75,301.11
247.5,299.06,299.85,300.31
255.149994,299.34,296.43,298.9
261.0,299.2,300.19,300.31
248.75,302.43,295.32,300.29
252.75,298.7,294.8,296.69
251.199997,298.7,294.8,296.7
250.399994,299.63,282.47,296.7
248.199997,301.5,302.4,300.41
245.899994,301.17,299.18,299.26
253.399994,299.72,296.69,297.97
256.700012,294.58,287.63,290.65
263.350006,298.65,298.47,299.93
259.0,292.63,290.6,293.55
260.649994,286.65,286.45,290.99
259.299988,284.55,286.89,281.78
255.550003,281.93,284.37,276.84
249.399994,275.7,277.11,262.45
252.75,262.57,260.73,252.81
261.25,252.3,251.02,256.5
253.399994,254.3,246.2,244.74
263.399994,257.61,248.19,239.73
296.600006,236.98,239.13,238.91
318.649994,237.47,237.0,235.2
324.049988,236.95,235.24,234.53
329.450012,231.26,230.4,231.36
316.5,232.53,248.16,234.76
323.5,252.3,247.47,251.25
315.299988,255.0,247.59,243.95
314.350006,236.98,239.6,237.92
303.049988,236.98,235.37,232.03
308.049988,231.26,231.1,231.45
311.799988,233.85,242.16,234.94
308.049988,236.98,235.37,231.38
309.600006,232.92,228.72,230.3
308.649994,231.72,230.89,218.85
310.0,222.15,220.4,210.17
304.75,225.21,230.95,227.46
302.950012,230.08,230.47,222.1
294.600006,220.15,219.91,218.95
290.899994,220.28,220.58,220.25
291.100006,220.9,221.1,220.9
320.75,223.37,229.47,220.46
329.950012,231.26,230.66,231.54
327.549988,230.08,233.69,231.37
334.850006,235.34,230.28,226.31
340.600006,224.24,220.5,220.3
343.549988,222.5,229.6,218.85
339.850006,233.28,242.21,231.49
337.450012,243.05,242.16,243.24
333.950012,246.6,247.2,239.99
339.049988,244.7,285.79,245.56
332.799988,278.0,278.62,274.44
324.950012,273.32,273.38,273.23
318.649994,271.97,272.3,274.58
325.149994,272.61,272.96,272.68
322.950012,273.55,274.13,276.34
324.25,272.72,272.75,272.55
320.5,273.15,272.8,273.08
317.899994,273.55,277.56,275.95
320.75,273.78,276.08,276.75
318.299988,272.86,283.14,283.47
314.899994,283.0,276.94,282.09
311.700012,282.0,276.8,276.97
313.700012,275.6,277.0,276.8
303.950012,273.82,275.7,276.86
304.25,275.6,276.7,283.6
301.600006,283.46,282.23,281.94
298.350006,275.6,277.91,278.62
297.649994,274.48,276.5,281.11
290.5,272.0,272.0,272.51
280.350006,273.79,273.43,273.16
273.25,273.55,272.12,273.35
276.600006,273.15,272.8,273.25
282.299988,273.2,272.9,272.38
284.649994,271.62,270.57,273.08
285.950012,273.55,272.9,272.55
276.950012,271.7,272.8,273.08
273.649994,271.78,273.47,273.12
272.549988,276.31,274.02,272.51
272.649994,272.4,270.71,272.51
274.649994,271.26,270.85,271.3
287.700012,269.77,266.52,266.62
281.600006,272.81,267.48,273.16
283.450012,271.44,269.0,270.98
285.850006,267.67,264.45,268.13
279.950012,262.61,261.32,264.97
282.25,263.8,259.49,266.47
281.549988,262.74,260.8,263.63
286.549988,257.5,260.26,262.9
284.450012,257.77,256.15,259.99
282.850006,262.5,261.06,260.78
290.600006,262.78,259.54,265.71
302.399994,262.55,263.53,263.69
290.850006,262.54,261.47,260.78
297.25,259.61,260.0,260.0
294.799988,257.35,261.46,262.75
294.5,262.74,267.05,265.25
293.850006,266.51,272.75,273.38
287.850006,271.86,281.08,275.48
283.899994,274.99,277.15,272.37
272.75,271.65,272.2,274.44
260.850006,272.58,270.3,273.16
262.75,273.55,272.97,273.35
263.100006,271.26,274.46,275.84
266.799988,276.55,275.78,278.31
269.450012,276.38,278.8,282.38
271.399994,281.0,275.7,282.58
266.100006,285.1,284.4,287.55
266.5,282.51,278.18,285.01
268.950012,282.94,297.65,290.77
263.0,299.9,302.45,297.59
270.700012,295.95,296.18,296.62
273.0,302.47,306.87,300.76
272.399994,302.63,302.5,303.36
280.049988,298.32,302.6,303.1
283.649994,298.86,302.13,306.54
284.0,314.24,305.7,305.95
280.299988,308.95,313.47,307.39
280.5,307.33,306.25,306.25
282.350006,306.0,306.06,307.15
278.649994,300.71,305.04,307.01
276.25,305.85,310.6,310.6
275.950012,304.98,306.33,307.75
278.350006,306.85,300.23,307.05
278.600006,293.29,301.85,303.44
279.25,300.62,306.06,307.03
276.649994,307.37,306.78,306.16
281.100006,307.82,314.05,320.7
291.5,314.45,313.78,316.66
289.950012,315.65,312.54,315.45
286.649994,305.74,321.42,323.65
280.850006,337.75,338.55,337.75
282.649994,340.22,329.85,335.72
277.899994,333.95,333.75,333.75
275.799988,336.8,336.8,342.43
274.649994,332.9,332.7,332.7
267.299988,333.2,333.2,333.2
271.549988,341.28,349.85,342.72
286.799988,364.65,364.65,364.65
291.799988,359.75,347.95,349.94
287.299988,357.95,351.36,342.35
290.049988,345.15,351.36,349.82
293.5,350.78,354.65,348.4
298.299988,353.15,353.15,349.75
308.0,349.6,354.65,354.85
308.100006,349.21,347.0,349.94
307.549988,350.49,349.45,350.21
303.75,354.84,373.35,373.35
299.649994,372.5,372.4,372.5
297.700012,369.3,369.3,369.3
295.350006,357.34,372.8,372.8
293.0,352.4,352.4,352.4
293.350006,354.8,355.0,354.14
296.700012,355.1,355.1,365.72
294.0,353.8,348.81,354.85
291.799988,350.05,350.05,350.05
288.299988,345.54,348.49,341.76
285.399994,330.45,330.45,330.45
287.149994,320.89,332.88,335.43
288.649994,341.05,338.55,343.45
291.25,345.15,342.37,345.15
297.399994,357.18,358.7,354.82
300.649994,351.15,353.98,345.71
295.299988,357.95,354.56,357.37
299.600006,356.01,346.15,346.15
294.350006,352.49,349.28,363.2
292.649994,367.95,367.95,367.95
289.899994,222.15,220.4,216.87
291.600006,204.5,199.26,205.4
287.200012,190.24,189.73,197.43
290.399994,184.91,184.23,185.82
289.899994,186.39,189.65,179.6
294.549988,189.69,189.72,189.1
297.850006,186.04,188.97,186.6
293.549988,185.91,183.6,185.45
291.899994,187.02,183.6,185.45
289.899994,181.35,189.71,183.94
288.450012,189.69,189.16,183.81
287.25,183.7,185.53,183.38
283.549988,182.0,179.63,183.15
284.0,185.78,195.55,183.25
279.399994,200.25,202.03,202.23
284.700012,205.17,202.22,198.03
278.200012,200.25,198.02,202.16
280.0,203.3,198.95,198.26
277.950012,195.7,195.7,201.48
274.850006,194.75,194.0,194.0
280.799988,190.01,189.01,190.25
276.899994,191.9,189.1,192.93
278.399994,189.66,189.16,182.67
281.600006,182.37,185.6,183.22
272.5,186.85,189.1,189.53
263.450012,187.62,186.29,188.62
263.700012,189.97,189.72,186.39
266.399994,185.75,185.02,186.56
274.149994,185.32,185.53,186.03
282.649994,185.12,185.67,184.09
293.700012,179.5,179.45,178.69
293.350006,176.23,175.05,180.04
291.5,180.83,180.84,179.5
283.5,179.49,180.74,180.15
278.700012,183.62,179.37,179.6
280.299988,180.3,175.0,180.1
286.549988,180.6,183.46,178.82
286.299988,181.35,180.47,183.08
282.5,180.9,180.27,181.57
279.399994,184.58,184.75,183.14
276.600006,181.35,179.36,183.14
272.899994,182.25,180.54,183.2
271.0,185.78,181.17,185.03
275.75,181.35,180.23,183.1
276.350006,183.62,186.29,184.72
269.950012,187.55,183.93,184.72
270.899994,186.51,185.67,185.73
261.950012,185.85,185.53,187.13
256.399994,177.28,184.95,173.19
260.450012,185.95,184.31,187.28
261.799988,181.48,180.69,181.9
266.450012,171.08,176.11,174.39
264.299988,177.15,172.01,174.73
256.549988,178.03,176.23,172.9
258.850006,170.59,170.77,173.19
262.350006,171.04,169.51,164.95
264.399994,163.88,163.6,163.8
259.649994,169.0,164.38,170.86
263.850006,170.05,170.05,170.09
263.5,171.15,169.95,170.33
266.25,170.02,177.37,176.06
276.200012,180.16,176.11,180.11
285.100006,178.84,174.2,176.89
291.450012,173.05,170.7,177.98
288.350006,170.64,170.3,173.19
284.450012,172.31,170.3,171.7
284.200012,170.02,170.4,171.62
284.850006,170.25,170.67,173.19
287.399994,170.4,170.05,170.2
279.0,170.64,169.9,170.1
279.100006,171.15,169.51,170.6
278.149994,171.15,175.05,171.24
275.399994,179.42,175.05,179.76
272.5,173.05,170.51,170.97
272.899994,170.53,164.03,163.94
274.149994,160.8,160.35,161.28
272.899994,160.35,155.35,157.61
291.100006,156.45,156.01,156.25
276.700012,154.14,154.17,156.4
284.5,150.34,149.84,150.25
289.049988,154.65,149.55,151.5
292.600006,153.88,153.25,151.5
280.5,154.14,155.46,145.45
279.649994,148.7,149.68,148.7
279.600006,153.46,149.55,152.42
279.899994,148.0,149.55,148.2
277.0,155.45,155.86,156.4
276.399994,153.65,155.98,156.88
275.850006,155.01,154.31,155.1
275.200012,154.21,154.46,152.55
273.549988,154.2,154.2,154.58
273.049988,153.68,154.19,154.2
272.600006,154.68,154.02,153.94
294.899994,154.01,153.93,153.82
288.100006,154.47,154.5,155.47
278.200012,154.23,160.6,157.61
273.299988,160.8,162.25,162.37
274.950012,160.97,161.96,162.98
275.850006,160.54,161.7,160.0
280.600006,160.72,158.75,158.95
287.100006,161.97,160.53,160.78
285.549988,160.11,160.35,161.28
285.549988,159.83,161.96,162.0
284.950012,160.8,160.82,161.91
286.200012,161.22,159.69,160.11
279.700012,161.3,160.35,159.24
277.899994,163.35,162.4,163.13
280.149994,163.35,164.87,164.19
282.899994,169.81,189.08,171.81
287.350006,185.78,200.14,185.68
291.700012,191.2,191.2,193.47
284.350006,188.85,189.15,189.62
285.75,186.69,187.75,186.45
286.0,187.55,189.62,185.94
287.799988,190.01,189.72,190.35
285.200012,188.99,189.01,191.4
286.700012,186.82,189.6,189.4
292.049988,186.66,188.94,186.2
287.600006,186.85,186.29,185.51
289.75,187.55,195.65,190.06
284.350006,200.41,200.26,202.67
286.299988,205.75,207.44,205.12
281.700012,205.75,203.2,206.46
279.799988,205.16,203.3,204.95
289.100006,205.73,209.7,205.5
284.549988,205.42,204.5,205.22
284.899994,204.5,204.5,204.98
284.649994,205.11,208.51,202.66
284.600006,204.5,205.62,205.51
286.200012,205.19,207.54,206.34
292.299988,207.66,207.55,204.98
290.549988,205.75,207.35,205.02
285.399994,204.94,204.38,204.98
289.700012,205.09,209.5,210.49
286.899994,211.45,224.52,211.79
283.25,228.74,239.15,231.15
281.149994,231.06,230.54,230.3
277.600006,230.37,230.25,230.43
270.200012,233.46,225.24,225.99
267.549988,223.17,215.61,217.76
271.549988,210.6,218.2,218.4
279.450012,218.5,218.1,221.56
273.75,222.38,220.25,221.2
274.350006,222.94,218.11,226.72
277.649994,221.7,220.4,221.92
282.549988,224.05,221.0,225.25
281.5,230.45,234.76,231.5
280.149994,236.95,233.49,239.77
299.700012,239.2,235.37,239.99
316.450012,236.8,234.05,234.91
310.899994,230.88,232.4,231.4
324.0,232.55,230.73,233.03
318.5,236.8,235.6,237.39
321.850006,233.85,230.22,234.05
308.200012,234.24,230.63,231.35
336.25,230.06,230.92,226.01
337.799988,230.25,233.78,231.45
330.350006,231.2,230.23,232.83
356.450012,230.7,230.54,235.01
361.700012,236.47,231.83,234.53
359.950012,232.44,233.65,234.86
356.049988,236.51,234.96,235.6
364.75,236.8,239.44,238.05
359.450012,234.74,230.73,232.83
358.049988,236.74,239.13,236.53
365.75,246.11,242.78,243.07
363.299988,243.74,249.03,248.08
365.350006,255.88,260.16,259.26
349.950012,255.0,248.85,250.49
338.200012,252.3,251.43,243.37
327.549988,252.98,251.1,251.3
335.850006,252.98,250.33,251.72
348.450012,252.86,246.27,247.92
341.75,245.07,244.96,242.93
339.450012,252.62,247.41,246.66
334.850006,256.6,251.02,257.96
334.950012,254.85,260.2,255.85
334.75,258.9,261.56,253.67
335.149994,257.12,258.67,257.96
340.600006,257.5,261.27,258.98
