Date,Price,Open Price,High,Low,Volume,Change%
2012/01/02,5325,5293,5329,5282,20.45K,0.55%
2012/01/03,5442,5332,5464,5332,213.00K,2.20%
2012/01/04,5462,5457,5498,5413,227.48K,0.37%
2012/01/05,5443,5451,5465,5402,203.70K,-0.35%
2012/01/06,5345,5436,5436,5325,212.28K,-1.80%
2012/01/07,5366,5358,5379,5358,5.86K,0.39%
2012/01/09,5295,5355,5370,5275,210.37K,-1.32%
2012/01/10,5318,5305,5369,5305,168.37K,0.43%
2012/01/11,5285,5316,5316,5234,182.45K,-0.62%
2012/01/12,5260,5274,5308,5241,171.81K,-0.47%
2012/01/13,5082,5251,5251,5065,219.22K,-3.38%
2012/01/14,5105,5106,5125,5101,5.43K,0.45%
2012/01/16,5129,5120,5138,5108,78.60K,0.47%
2012/01/17,5107,5130,5144,5067,143.14K,-0.43%
2012/01/18,5062,5119,5152,5046,200.64K,-0.88%
2012/01/19,5047,5074,5132,5031,131.72K,-0.30%
2012/01/20,5006,5099,5113,4963,187.46K,-0.81%
2012/01/21,4979,4994,4994,4971,4.73K,-0.54%
2012/01/23,5020,4975,5029,4936,180.40K,0.82%
2012/01/24,4975,5019,5034,4965,162.89K,-0.90%
2012/01/25,4992,4988,5007,4922,178.01K,0.34%
2012/01/27,4945,5000,5000,4934,150.75K,-0.94%
2012/01/28,4942,4941,4946,4936,2.96K,-0.06%
2012/01/30,4945,4939,4968,4916,127.71K,0.06%
2012/01/31,4927,4948,5025,4916,190.41K,-0.36%
2012/02/01,4861,4927,4931,4855,163.63K,-1.34%
2012/02/02,4727,4854,4854,4710,193.36K,-2.76%
2012/02/03,4737,4738,4766,4712,165.09K,0.21%
2012/02/04,4767,4746,4771,4746,7.10K,0.63%
2012/02/06,4772,4765,4803,4746,143.96K,0.10%
2012/02/07,4858,4765,4885,4738,197.75K,1.80%
2012/02/08,4875,4863,4933,4855,160.66K,0.35%
2012/02/09,4942,4882,4953,4882,147.26K,1.37%
2012/02/10,4905,4940,4958,4855,144.59K,-0.75%
2012/02/11,4926,4911,4930,4911,5.82K,0.43%
2012/02/13,4953,4929,4964,4901,128.67K,0.55%
2012/02/14,4987,4958,5037,4958,146.82K,0.69%
2012/02/15,5016,5002,5052,4998,153.58K,0.58%
2012/02/16,5061,5016,5076,5011,115.05K,0.90%
2012/02/17,5084,5055,5095,5043,89.28K,0.45%
2012/02/18,5081,5081,5081,5081,-,-0.06%
2012/02/20,5213,5188,5235,5188,41.43K,2.60%
2012/02/21,5219,5209,5240,5181,116.19K,0.12%
2012/02/22,5243,5226,5274,5226,119.71K,0.46%
2012/02/23,5280,5241,5293,5227,148.80K,0.71%
2012/02/24,5372,5292,5384,5292,130.36K,1.74%
2012/02/25,5406,5387,5410,5387,11.77K,0.63%
2012/02/27,5386,5400,5407,5360,138.65K,-0.37%
2012/02/28,5325,5389,5389,5310,135.25K,-1.13%
2012/02/29,5227,5326,5326,5182,153.76K,-1.84%
2012/03/01,5334,5239,5349,5239,140.39K,2.05%
2012/03/02,5294,5346,5400,5282,160.01K,-0.75%
2012/03/03,5305,5300,5315,5300,3.85K,0.21%
2012/03/05,5342,5321,5363,5283,150.34K,0.70%
2012/03/06,5325,5344,5373,5312,155.12K,-0.32%
2012/03/07,5345,5340,5354,5282,134.60K,0.38%
2012/03/08,5356,5352,5385,5328,84.93K,0.21%
2012/03/09,5349,5360,5385,5311,142.50K,-0.13%
2012/03/10,5348,5354,5355,5345,2.62K,-0.02%
2012/03/12,5332,5345,5355,5287,127.16K,-0.30%
2012/03/13,5341,5333,5358,5297,120.34K,0.17%
2012/03/14,5341,5337,5359,5306,136.91K,0.00%
2012/03/15,5294,5330,5349,5232,211.67K,-0.88%
2012/03/16,5333,5310,5339,5284,106.98K,0.74%
2012/03/17,5378,5339,5381,5339,9.67K,0.84%
2012/03/19,5408,5394,5418,5341,106.15K,0.56%
2012/03/20,5395,5445,5471,5384,174.96K,-0.24%
2012/03/21,5443,5400,5467,5400,152.44K,0.89%
2012/03/22,5418,5445,5474,5401,185.72K,-0.46%
2012/03/23,5499,5424,5635,5424,171.76K,1.50%
2012/03/24,5487,5493,5497,5480,3.89K,-0.22%
2012/03/26,5480,5487,5510,5463,106.89K,-0.13%
2012/03/27,5473,5478,5495,5450,120.56K,-0.13%
2012/03/28,5397,5467,5473,5376,153.52K,-1.39%
2012/03/29,5293,5404,5427,5271,175.72K,-1.93%
2012/03/30,5301,5294,5318,5262,111.52K,0.15%
2012/03/31,5274,5296,5296,5260,6.86K,-0.51%
2012/04/02,5335,5271,5353,5216,147.51K,1.16%
2012/04/03,5298,5328,5339,5291,115.13K,-0.69%
2012/04/04,5234,5299,5310,5197,157.00K,-1.21%
2012/04/05,5281,5247,5295,5215,93.66K,0.90%
2012/04/07,5290,5288,5293,5278,2.19K,0.17%
2012/04/09,5238,5287,5287,5193,111.09K,-0.98%
2012/04/10,5231,5238,5303,5222,180.02K,-0.13%
2012/04/11,5312,5237,5318,5218,158.57K,1.55%
2012/04/12,5299,5304,5345,5278,145.83K,-0.24%
2012/04/13,5314,5306,5325,5287,117.80K,0.28%
2012/04/14,0,5306,5325,5287,117.80K,-100.00%
2012/04/16,5318,5309,5331,5265,160.79K,0.00%
2012/04/17,5369,5311,5403,5302,156.47K,0.96%
2012/04/18,5324,5365,5402,5311,145.24K,-0.84%
2012/04/19,5321,5320,5355,5295,95.05K,-0.06%
2012/04/20,5440,5394,5469,5383,117.53K,2.24%
2012/04/21,5444,5447,5447,5441,1.72K,0.07%
2012/04/23,5443,5440,5451,5394,109.71K,-0.02%
2012/04/24,5463,5448,5502,5445,109.44K,0.37%
2012/04/25,5504,5460,5512,5445,164.01K,0.75%
2012/04/26,5504,5505,5519,5474,109.58K,0.00%
2012/04/27,5507,5494,5512,5476,91.73K,0.05%
2012/04/28,5516,5504,5517,5504,3.83K,0.16%
2012/04/30,5514,5515,5531,5491,93.33K,-0.04%
2012/05/01,5600,5510,5608,5510,80.55K,1.56%
2012/05/02,5596,5598,5623,5575,111.86K,-0.07%
2012/05/03,5523,5599,5629,5516,146.41K,-1.30%
2012/05/04,5249,5527,5534,5225,290.29K,-4.96%
2012/05/05,5263,5260,5275,5257,5.51K,0.27%
2012/05/07,5190,5256,5256,5125,230.04K,-1.39%
2012/05/08,5175,5180,5197,5127,198.12K,-0.29%
2012/05/09,5213,5175,5224,5155,229.44K,0.73%
2012/05/10,5182,5206,5209,5135,151.01K,-0.59%
2012/05/11,5161,5170,5196,5136,154.91K,-0.41%
2012/05/12,5146,5152,5152,5137,6.44K,-0.29%
2012/05/14,5111,5144,5145,5057,190.45K,-0.68%
2012/05/15,5083,5106,5137,5072,195.28K,-0.55%
2012/05/16,5048,5074,5120,5003,243.70K,-0.69%
2012/05/17,5032,5058,5106,5012,199.42K,-0.32%
2012/05/18,5038,5044,5074,5006,174.54K,0.12%
2012/05/19,5005,5033,5033,4986,7.64K,-0.66%
2012/05/21,5057,5015,5068,4992,124.55K,1.04%
2012/05/22,5133,5132,5170,5116,146.09K,1.50%
2012/05/23,5087,5130,5154,5066,188.99K,-0.90%
2012/05/24,5092,5094,5111,5072,178.88K,0.10%
2012/05/25,5056,5088,5088,5047,115.45K,-0.71%
2012/05/26,5054,5055,5056,5047,2.63K,-0.04%
2012/05/28,5071,5057,5099,5057,78.22K,0.34%
2012/05/29,5097,5075,5132,5075,191.90K,0.51%
2012/05/30,4962,5098,5098,4952,229.16K,-2.65%
2012/05/31,4919,4961,4984,4874,256.83K,-0.87%
2012/06/01,4631,4911,4920,4624,322.38K,-5.85%
2012/06/02,4624,4624,4641,4611,10.49K,-0.15%
2012/06/04,4661,4607,4675,4522,261.84K,0.80%
2012/06/05,4688,4667,4727,4660,191.74K,0.58%
2012/06/06,4720,4698,4773,4698,198.01K,0.68%
2012/06/07,4694,4721,4764,4665,245.14K,-0.55%
2012/06/08,4625,4681,4681,4568,202.24K,-1.47%
2012/06/09,4675,4630,4683,4630,9.62K,1.08%
2012/06/11,4659,4678,4773,4650,236.93K,-0.34%
2012/06/12,4638,4651,4662,4571,236.00K,-0.45%
2012/06/13,4637,4636,4670,4584,243.82K,-0.02%
2012/06/14,4663,4630,4678,4601,205.95K,0.56%
2012/06/15,4666,4663,4724,4643,158.12K,0.06%
2012/06/16,4666,4676,4678,4655,3.40K,0.00%
2012/06/18,4655,4669,4725,4604,230.51K,-0.24%
2012/06/19,4716,4659,4732,4610,157.66K,1.31%
2012/06/20,4645,4752,4785,4630,316.11K,-1.51%
2012/06/21,4517,4630,4630,4502,278.54K,-2.76%
2012/06/22,4602,4512,4615,4477,262.53K,1.88%
2012/06/23,4603,4610,4615,4599,5.06K,0.02%
2012/06/25,4526,4595,4595,4488,251.55K,-1.67%
2012/06/26,4531,4527,4570,4514,211.08K,0.11%
2012/06/27,4599,4538,4638,4530,229.48K,1.50%
2012/06/28,4460,4610,4618,4448,266.23K,-3.02%
2012/06/29,4662,4467,4673,4467,283.59K,4.53%
2012/06/30,4695,4667,4712,4667,14.13K,0.71%
2012/07/02,4636,4686,4702,4578,274.02K,-1.26%
2012/07/03,4756,4630,4803,4605,337.56K,2.59%
2012/07/04,4775,4752,4785,4745,103.69K,0.40%
2012/07/05,4824,4777,4899,4777,362.32K,1.03%
2012/07/06,4747,4815,4815,4713,275.76K,-1.60%
2012/07/07,4732,4740,4745,4721,5.73K,-0.32%
2012/07/09,4805,4745,4812,4730,261.67K,1.54%
2012/07/10,4753,4787,4787,4716,266.52K,-1.08%
2012/07/11,4773,4744,4792,4692,295.85K,0.42%
2012/07/12,4780,4769,4795,4722,234.06K,0.15%
2012/07/13,4795,4780,4818,4767,226.69K,0.31%
2012/07/14,4791,4796,4805,4786,3.50K,-0.08%
2012/07/16,4820,4787,4828,4760,212.70K,0.61%
2012/07/17,4914,4822,4925,4822,271.34K,1.95%
2012/07/18,4968,4901,4979,4891,208.68K,1.10%
2012/07/19,5126,4973,5150,4973,198.03K,3.18%
2012/07/20,5091,5125,5125,5042,231.62K,-0.68%
2012/07/21,5093,5086,5098,5081,5.06K,0.04%
2012/07/23,5025,5078,5078,4957,340.95K,-1.34%
2012/07/24,4993,5019,5019,4940,330.40K,-0.64%
2012/07/25,4946,4989,5009,4896,318.81K,-0.94%
2012/07/26,4996,4949,5033,4949,312.50K,1.01%
2012/07/27,5004,5000,5016,4972,231.63K,0.16%
2012/07/28,4998,5000,5007,4994,3.64K,-0.12%
2012/07/30,4978,5005,5029,4971,206.11K,-0.40%
2012/07/31,4921,4985,5025,4907,257.80K,-1.15%
2012/08/01,4981,4910,4994,4892,265.18K,1.22%
2012/08/02,4938,4981,5007,4905,294.00K,-0.86%
2012/08/03,5071,4935,5090,4916,321.60K,2.69%
2012/08/04,5073,5070,5079,5066,4.22K,0.04%
2012/08/06,5082,5062,5097,5040,220.64K,0.18%
2012/08/07,5173,5083,5183,5083,232.04K,1.79%
2012/08/08,5169,5165,5225,5131,282.83K,-0.08%
2012/08/09,5174,5168,5193,5146,209.96K,0.10%
2012/08/10,5103,5175,5175,5091,247.53K,-1.37%
2012/08/11,5139,5109,5150,5109,11.93K,0.71%
2012/08/13,5165,5145,5205,5118,281.68K,0.51%
2012/08/14,5211,5160,5238,5152,277.47K,0.89%
2012/08/16,5296,5220,5306,5220,224.53K,1.63%
2012/08/17,5346,5289,5353,5283,252.02K,0.94%
2012/08/18,5377,5350,5380,5348,14.10K,0.58%
2012/08/20,5324,5366,5366,5292,120.07K,-0.99%
2012/08/21,5384,5341,5408,5341,198.88K,1.13%
2012/08/22,5368,5380,5402,5348,241.04K,-0.30%
2012/08/23,5316,5366,5425,5307,257.28K,-0.97%
2012/08/24,5346,5318,5377,5292,253.19K,0.56%
2012/08/25,5354,5346,5356,5337,5.65K,0.15%
2012/08/27,5307,5363,5424,5274,310.29K,-0.88%
2012/08/28,5362,5311,5375,5301,274.51K,1.04%
2012/08/29,5314,5358,5366,5293,255.97K,-0.90%
2012/08/30,5276,5312,5323,5257,228.09K,-0.72%
2012/08/31,5358,5278,5370,5278,263.83K,1.55%
2012/09/01,5379,5362,5386,5358,8.96K,0.39%
2012/09/03,5390,5375,5405,5337,100.82K,0.20%
2012/09/04,5313,5392,5414,5305,275.35K,-1.43%
2012/09/05,5327,5312,5345,5280,242.76K,0.26%
2012/09/06,5339,5330,5438,5322,292.55K,0.23%
2012/09/07,5306,5325,5334,5212,321.23K,-0.62%
2012/09/08,5313,5310,5325,5308,5.52K,0.13%
2012/09/10,5326,5315,5354,5290,196.66K,0.24%
2012/09/11,5356,5325,5372,5325,161.47K,0.56%
2012/09/12,5353,5358,5404,5330,202.28K,-0.06%
2012/09/13,5374,5358,5445,5317,255.03K,0.39%
2012/09/14,5332,5380,5457,5313,266.21K,-0.78%
2012/09/15,5334,5339,5339,5330,4.27K,0.04%
2012/09/17,5274,5338,5354,5121,174.20K,-1.12%
2012/09/18,5181,5275,5275,5160,244.43K,-1.76%
2012/09/20,5017,5016,5043,4966,219.81K,-3.17%
2012/09/21,4961,5030,5054,4950,215.77K,-1.12%
2012/09/22,4968,4964,4974,4964,4.58K,0.14%
2012/09/24,4902,4960,4960,4891,191.75K,-1.33%
2012/09/25,4895,4914,4979,4884,231.10K,-0.14%
2012/09/26,4822,4890,4895,4801,250.02K,-1.49%
2012/09/27,4886,4831,4905,4820,205.79K,1.33%
2012/09/28,4895,4887,4905,4853,187.49K,0.18%
2012/09/29,4887,4889,4893,4882,6.10K,-0.16%
2012/10/01,4860,4884,4909,4841,218.06K,-0.55%
2012/10/03,4645,4861,4861,4635,330.19K,-4.42%
2012/10/04,4721,4632,4737,4603,269.95K,1.64%
2012/10/05,4662,4721,4765,4630,299.17K,-1.25%
2012/10/06,4678,4671,4689,4671,5.80K,0.34%
2012/10/08,4700,4685,4719,4625,235.68K,0.47%
2012/10/09,4890,4705,4903,4705,330.73K,4.04%
2012/10/10,4882,4898,4967,4866,322.83K,-0.16%
2012/10/11,4855,4871,4892,4836,240.90K,-0.55%
2012/10/12,4851,4846,4895,4836,205.71K,-0.08%
2012/10/13,4862,4861,4866,4855,4.83K,0.23%
2012/10/15,4832,4855,4888,4785,245.40K,-0.62%
2012/10/16,4859,4848,4884,4837,193.10K,0.56%
2012/10/17,4868,4862,4912,4845,186.50K,0.19%
2012/10/18,4936,4877,4945,4856,210.90K,1.40%
2012/10/19,4848,4939,4999,4820,161.35K,-1.78%
2012/10/20,4914,4912,4921,4912,4.13K,1.36%
2012/10/22,4809,4911,4912,4794,217.47K,-2.14%
2012/10/23,4670,4793,4793,4651,240.48K,-2.89%
2012/10/24,4649,4680,4712,4613,186.12K,-0.45%
2012/10/25,4635,4650,4677,4610,194.84K,-0.30%
2012/10/26,4658,4631,4677,4629,159.83K,0.50%
2012/10/27,4669,4660,4671,4660,4.38K,0.24%
2012/10/29,4648,4661,4697,4622,195.79K,-0.45%
2012/10/30,4663,4633,4683,4625,167.87K,0.32%
2012/10/31,4666,4666,4710,4653,198.93K,0.06%
2012/11/01,4697,4662,4712,4650,204.78K,0.66%
2012/11/02,4623,4694,4703,4611,239.68K,-1.58%
2012/11/03,4609,4615,4615,4601,7.99K,-0.30%
2012/11/05,4665,4618,4688,4616,183.10K,1.22%
2012/11/06,4794,4673,4810,4673,241.61K,2.77%
2012/11/07,4643,4804,4823,4617,360.21K,-3.15%
2012/11/08,4626,4643,4669,4593,255.74K,-0.37%
2012/11/09,4719,4639,4744,4619,241.43K,2.01%
2012/11/10,4712,4708,4718,4708,4.57K,-0.15%
2012/11/12,4720,4710,4759,4692,210.73K,0.17%
2012/11/13,4680,4710,4718,4673,46.97K,-0.85%
2012/11/14,4740,4694,4754,4667,178.25K,1.28%
2012/11/15,4666,4748,4772,4654,153.16K,-1.56%
2012/11/16,4831,4736,4854,4736,243.45K,3.54%
2012/11/17,4846,4830,4849,4820,6.22K,0.31%
2012/11/19,4934,4850,4941,4844,208.77K,1.82%
2012/11/20,4806,4930,4937,4780,301.74K,-2.59%
2012/11/21,4823,4808,4869,4793,260.86K,0.35%
2012/11/22,4838,4831,4860,4827,93.27K,0.31%
2012/11/23,4906,4836,4924,4836,198.39K,1.41%
2012/11/24,4906,4906,4910,4893,3.96K,0.00%
2012/11/26,4903,4905,4932,4868,212.16K,-0.06%
2012/11/27,4886,4912,4930,4846,253.44K,-0.35%
2012/11/28,4819,4884,4884,4791,208.22K,-1.37%
2012/11/29,4839,4824,4874,4797,240.12K,0.42%
2012/11/30,4838,4827,4849,4793,194.44K,-0.02%
2012/12/01,4847,4847,4859,4845,5.00K,0.19%
2012/12/03,4878,4854,4942,4854,252.16K,0.64%
2012/12/04,4856,4888,4898,4813,260.06K,-0.45%
2012/12/05,4817,4856,4870,4794,231.14K,-0.80%
2012/12/06,4687,4810,4810,4673,299.49K,-2.70%
2012/12/07,4691,4685,4744,4681,228.50K,0.09%
2012/12/08,4695,4692,4700,4685,5.23K,0.09%
2012/12/10,4700,4702,4739,4692,179.53K,0.11%
2012/12/11,4671,4693,4699,4652,184.16K,-0.62%
2012/12/12,4729,4677,4748,4662,259.50K,1.24%
2012/12/13,4716,4721,4735,4694,186.73K,-0.27%
2012/12/14,4725,4717,4739,4702,171.96K,0.19%
2012/12/15,4728,4730,4733,4723,4.03K,0.06%
2012/12/17,4786,4730,4799,4730,178.98K,1.23%
2012/12/18,4826,4795,4835,4781,123.04K,0.84%
2012/12/19,4947,4881,4958,4856,221.11K,2.51%
2012/12/20,4977,4944,4989,4925,193.30K,0.61%
2012/12/21,4913,4962,4962,4882,202.88K,-1.29%
2012/12/22,4923,4920,4940,4920,4.32K,0.20%
2012/12/24,4908,4917,4917,4877,87.24K,-0.30%
2012/12/26,4983,4914,5008,4904,173.85K,1.53%
2012/12/27,4992,4988,5040,4969,196.81K,0.18%
2012/12/28,4995,5003,5032,4975,150.63K,0.06%
2012/12/29,4996,4992,4998,4989,3.14K,0.02%
2012/12/31,5015,4990,5023,4962,131.00K,0.38%
2013/01/01,5031,5020,5035,5020,21.35K,0.32%
2013/01/02,5049,5035,5096,5033,194.40K,0.36%
2013/01/03,5080,5055,5090,5051,157.93K,0.61%
2013/01/04,5113,5070,5122,5054,204.95K,0.65%
2013/01/05,5123,5122,5126,5116,4.65K,0.20%
2013/01/07,5149,5120,5156,5107,148.92K,0.51%
2013/01/08,5120,5152,5169,5115,176.12K,-0.56%
2013/01/09,5106,5126,5142,5092,178.86K,-0.27%
2013/01/10,5132,5111,5175,5111,198.27K,0.51%
2013/01/11,5120,5125,5138,5085,182.30K,-0.23%
2013/01/12,5136,5124,5149,5124,6.61K,0.31%
2013/01/14,5101,5140,5164,5077,192.28K,-0.68%
2013/01/15,5131,5105,5148,5105,151.56K,0.59%
2013/01/16,5150,5128,5162,5102,168.66K,0.37%
2013/01/17,5181,5143,5188,5112,172.33K,0.60%
2013/01/18,5151,5170,5170,5120,137.72K,-0.58%
2013/01/22,5202,5152,5207,5145,171.06K,0.99%
2013/01/23,5179,5206,5212,5170,131.18K,-0.44%
2013/01/24,5178,5171,5194,5132,206.31K,-0.02%
2013/01/25,5194,5177,5205,5155,116.43K,0.31%
2013/01/28,5213,5190,5235,5175,198.66K,0.37%
2013/01/29,5228,5216,5248,5192,212.43K,0.29%
2013/01/30,5210,5226,5239,5192,168.45K,-0.34%
2013/01/31,5202,5207,5227,5173,149.00K,-0.15%
2013/02/01,5182,5200,5215,5140,215.13K,-0.38%
2013/02/02,5187,5185,5191,5185,2.53K,0.10%
2013/02/04,5142,5185,5185,5127,172.26K,-0.87%
2013/02/05,5144,5140,5161,5125,155.33K,0.04%
2013/02/06,5139,5140,5155,5070,240.39K,-0.10%
2013/02/07,5133,5144,5185,5121,247.26K,-0.12%
2013/02/08,5144,5137,5175,5125,185.60K,0.21%
2013/02/09,5152,5148,5154,5147,2.88K,0.16%
2013/02/11,5229,5147,5234,5129,227.73K,1.49%
2013/02/12,5248,5227,5271,5218,168.63K,0.36%
2013/02/13,5249,5255,5273,5230,164.17K,0.02%
2013/02/14,5255,5246,5268,5219,140.79K,0.11%
2013/02/15,5199,5254,5267,5176,191.42K,-1.07%
2013/02/16,5211,5209,5217,5209,4.78K,0.23%
2013/02/18,5185,5202,5211,5172,93.29K,-0.50%
2013/02/19,5210,5189,5219,5174,89.92K,0.48%
2013/02/20,5164,5250,5289,5132,281.57K,-0.88%
2013/02/21,5102,5161,5167,5085,272.63K,-1.20%
2013/02/22,5069,5097,5097,5041,172.66K,-0.65%
2013/02/23,5074,5072,5078,5070,3.65K,0.10%
2013/02/25,5051,5065,5104,5026,213.11K,-0.45%
2013/02/26,5028,5046,5065,5002,226.87K,-0.46%
2013/02/27,5007,5019,5035,4986,197.14K,-0.42%
2013/02/28,5076,5012,5092,5000,194.70K,1.38%
2013/03/01,5010,5071,5071,4996,212.67K,-1.30%
2013/03/02,5017,5009,5028,5009,4.55K,0.14%
2013/03/04,4951,5010,5010,4943,190.36K,-1.32%
2013/03/05,4977,4955,4990,4955,139.07K,0.53%
2013/03/06,4940,4986,5009,4925,181.47K,-0.74%
2013/03/07,4980,4940,5003,4940,172.48K,0.81%
2013/03/08,4976,4977,4997,4955,168.13K,-0.08%
2013/03/09,4991,4976,5003,4976,7.33K,0.30%
2013/03/11,4978,4994,5014,4955,154.45K,-0.26%
2013/03/12,5036,4981,5060,4981,187.28K,1.17%
2013/03/13,5041,5037,5077,5015,201.87K,0.10%
2013/03/14,5031,5042,5047,5011,154.87K,-0.20%
2013/03/15,5061,5040,5067,5034,128.03K,0.60%
2013/03/16,5062,5061,5063,5057,2.37K,0.02%
2013/03/18,5056,5057,5066,4973,292.14K,-0.12%
2013/03/19,5010,5046,5105,4997,124.01K,-0.91%
2013/03/20,5092,5089,5114,5065,172.74K,1.64%
2013/03/21,5053,5085,5098,5036,164.18K,-0.77%
2013/03/22,5089,5057,5097,5054,143.36K,0.71%
2013/03/23,5118,5097,5123,5097,9.61K,0.57%
2013/03/25,5157,5115,5198,5115,224.02K,0.76%
2013/03/26,5235,5158,5240,5157,180.57K,1.51%
2013/03/27,5261,5233,5268,5220,114.54K,0.50%
2013/03/28,5305,5267,5320,5253,160.12K,0.84%
2013/03/30,5400,5318,5517,5311,67.86K,1.79%
2013/04/01,5285,5392,5392,5247,187.90K,-2.13%
2013/04/02,5304,5281,5311,5243,173.71K,0.36%
2013/04/03,5199,5296,5296,5193,208.97K,-1.98%
2013/04/04,5094,5193,5223,5075,298.06K,-2.02%
2013/04/05,5087,5103,5130,5056,194.11K,-0.14%
2013/04/06,5107,5112,5194,5098,11.17K,0.39%
2013/04/08,5096,5110,5125,5065,166.83K,-0.22%
2013/04/09,5133,5100,5143,5075,186.97K,0.73%
2013/04/10,5140,5122,5147,5101,177.10K,0.14%
2013/04/11,5085,5144,5149,5061,172.75K,-1.07%
2013/04/12,4984,5077,5086,4941,217.26K,-1.99%
2013/04/13,4975,4984,4984,4955,4.09K,-0.18%
2013/04/15,4844,4956,4956,4792,228.25K,-2.63%
2013/04/16,4794,4808,4811,4747,205.86K,-1.03%
2013/04/17,4701,4792,4797,4666,211.02K,-1.94%
2013/04/18,4737,4702,4770,4664,220.47K,0.77%
2013/04/19,4749,4743,4780,4730,55.22K,0.25%
2013/04/20,4776,4769,4780,4767,2.47K,0.57%
2013/04/22,4834,4785,4853,4775,192.53K,1.21%
2013/04/23,4847,4831,4859,4794,201.22K,0.27%
2013/04/24,4962,4859,4970,4854,159.64K,2.37%
2013/04/25,5059,4978,5073,4946,194.98K,1.95%
2013/04/26,5077,5059,5094,5026,191.55K,0.36%
2013/04/27,5071,5080,5080,5063,3.10K,-0.12%
2013/04/29,5124,5066,5134,5031,165.75K,1.05%
2013/04/30,5014,5121,5129,5007,188.93K,-2.15%
2013/05/01,4872,5006,5006,4841,175.65K,-2.83%
2013/05/02,5017,4887,5030,4870,210.46K,2.98%
2013/05/03,5156,5028,5168,5028,194.01K,2.77%
2013/05/04,5143,5141,5152,5135,5.08K,-0.25%
2013/05/06,5196,5166,5222,5141,189.08K,1.03%
2013/05/07,5168,5185,5208,5142,176.05K,-0.54%
2013/05/08,5208,5177,5220,5155,164.03K,0.77%
2013/05/09,5227,5221,5240,5183,133.04K,0.36%
2013/05/10,5191,5237,5248,5136,190.79K,-0.69%
2013/05/11,5252,5205,5285,5205,13.73K,1.18%
2013/05/13,5237,5237,5246,5183,174.13K,-0.29%
2013/05/14,5190,5228,5228,5175,149.98K,-0.90%
2013/05/15,5160,5186,5186,5064,244.82K,-0.58%
2013/05/16,5209,5152,5222,5118,201.59K,0.95%
2013/05/17,5297,5215,5308,5206,194.70K,1.69%
2013/05/18,5302,5299,5306,5291,8.50K,0.09%
2013/05/20,5329,5291,5358,5240,122.38K,0.51%
2013/05/21,5347,5345,5384,5329,154.74K,0.34%
2013/05/22,5297,5338,5357,5266,212.85K,-0.94%
2013/05/23,5215,5290,5290,5167,229.57K,-1.55%
2013/05/24,5268,5215,5274,5204,174.08K,1.02%
2013/05/27,5218,5251,5251,5207,58.79K,-0.95%
2013/05/28,5364,5226,5378,5223,210.52K,2.80%
2013/05/29,5269,5363,5363,5260,245.48K,-1.77%
2013/05/30,5298,5269,5320,5193,257.25K,0.55%
2013/05/31,5273,5290,5325,5246,178.89K,-0.47%
2013/06/01,5227,5266,5266,5213,12.95K,-0.87%
2013/06/03,5287,5227,5301,5190,220.62K,1.15%
2013/06/04,5300,5275,5335,5236,235.59K,0.25%
2013/06/05,5359,5308,5373,5280,208.18K,1.11%
2013/06/06,5404,5360,5432,5340,182.67K,0.84%
2013/06/07,5512,5401,5528,5382,264.27K,2.00%
2013/06/08,5513,5512,5534,5503,11.38K,0.02%
2013/06/10,5576,5522,5588,5519,182.84K,1.14%
2013/06/11,5517,5590,5648,5505,254.18K,-1.06%
2013/06/12,5560,5512,5578,5492,241.33K,0.78%
2013/06/13,5571,5551,5583,5528,183.76K,0.20%
2013/06/14,5643,5580,5648,5564,192.70K,1.29%
2013/06/15,5663,5643,5702,5634,13.36K,0.35%
2013/06/17,5678,5651,5715,5629,186.09K,0.26%
2013/06/18,5782,5695,5793,5695,179.04K,1.83%
2013/06/19,5780,5777,5817,5758,125.79K,-0.03%
2013/06/20,5733,5812,5838,5727,283.48K,-0.81%
2013/06/21,5614,5722,5722,5587,275.82K,-2.08%
2013/06/22,5613,5616,5624,5601,6.51K,-0.02%
2013/06/24,5702,5608,5722,5570,276.20K,1.59%
2013/06/25,5692,5701,5747,5666,257.30K,-0.18%
2013/06/26,5795,5682,5814,5653,323.78K,1.81%
2013/06/27,5845,5806,5867,5763,218.24K,0.86%
2013/06/28,5806,5840,5850,5777,192.83K,-0.67%
2013/06/29,5763,5800,5800,5758,12.93K,-0.74%
2013/07/01,5828,5757,5848,5712,125.42K,1.13%
2013/07/02,5929,5825,5958,5816,119.28K,1.73%
2013/07/03,6111,5942,6173,5942,177.15K,3.07%
2013/07/04,6075,6100,6113,6060,54.18K,-0.59%
2013/07/05,6297,6076,6312,6076,157.91K,3.65%
2013/07/06,6368,6310,6440,6310,16.67K,1.13%
2013/07/08,6250,6389,6389,6212,137.16K,-1.85%
2013/07/09,6209,6244,6275,6156,115.39K,-0.66%
2013/07/10,6391,6210,6407,6210,126.71K,2.93%
2013/07/11,6283,6393,6419,6256,144.24K,-1.69%
2013/07/12,6339,6283,6350,6267,105.88K,0.89%
2013/07/13,6357,6350,6380,6350,5.32K,0.28%
2013/07/15,6285,6358,6390,6272,120.80K,-1.13%
2013/07/16,6242,6289,6339,6226,101.92K,-0.68%
2013/07/17,6295,6255,6313,6244,103.56K,0.85%
2013/07/18,6463,6305,6473,6305,91.23K,2.67%
2013/07/19,6465,6473,6535,6427,93.98K,0.03%
2013/07/20,6433,6415,6451,6415,4.47K,-0.49%
2013/07/22,6367,6425,6487,6356,112.84K,-1.03%
2013/07/23,6393,6380,6407,6322,119.60K,0.41%
2013/07/24,6267,6380,6398,6240,138.35K,-1.97%
2013/07/25,6261,6261,6270,6174,156.08K,-0.10%
2013/07/26,6211,6252,6252,6175,111.12K,-0.80%
2013/07/27,6199,6206,6209,6191,3.61K,-0.19%
2013/07/29,6251,6202,6285,6186,100.01K,0.84%
2013/07/30,6285,6232,6338,6224,111.16K,0.54%
2013/07/31,6409,6299,6419,6296,129.84K,1.97%
2013/08/01,6557,6414,6566,6414,115.71K,2.31%
2013/08/02,6521,6575,6637,6501,111.27K,-0.55%
2013/08/03,6523,6518,6563,6518,2.10K,0.03%
2013/08/05,6543,6532,6560,6473,88.27K,0.31%
2013/08/06,6459,6556,6623,6450,118.82K,-1.28%
2013/08/07,6409,6462,6484,6396,104.25K,-0.77%
2013/08/08,6232,6414,6438,6207,117.24K,-2.76%
2013/08/09,6394,6240,6405,6240,71.35K,2.60%
2013/08/10,6415,6400,6428,6400,2.93K,0.33%
2013/08/12,6487,6430,6508,6412,106.19K,1.12%
2013/08/13,6551,6505,6567,6471,99.89K,0.99%
2013/08/14,6533,6548,6548,6460,95.47K,-0.27%
2013/08/16,6698,6534,6726,6534,87.51K,2.53%
2013/08/17,6754,6719,6776,6702,8.27K,0.84%
2013/08/19,6679,6726,6730,6646,63.34K,-1.11%
2013/08/20,6709,6835,6835,6686,107.71K,0.45%
2013/08/21,6745,6691,6798,6635,111.37K,0.54%
2013/08/22,6729,6735,6818,6713,94.61K,-0.24%
2013/08/23,6881,6745,6927,6692,126.94K,2.26%
2013/08/24,6837,6876,6881,6830,5.14K,-0.64%
2013/08/26,6868,6860,6908,6830,80.24K,0.45%
2013/08/27,7355,6882,7486,6882,160.24K,7.09%
2013/08/28,7347,7377,7784,7303,171.13K,-0.11%
2013/08/29,7457,7342,7511,7317,98.09K,1.50%
2013/08/30,7230,7351,7351,7152,113.78K,-3.04%
2013/08/31,7246,7202,7260,7195,2.92K,0.22%
2013/09/02,7196,7190,7225,7015,63.19K,-0.69%
2013/09/03,7507,7193,7519,7160,100.07K,4.32%
2013/09/04,7127,7456,7492,7104,93.94K,-5.06%
2013/09/05,7201,7116,7270,7079,84.34K,1.04%
2013/09/06,7176,7230,7251,7093,75.82K,-0.35%
2013/09/07,7169,7175,7178,7148,1.57K,-0.10%
2013/09/09,7056,7160,7199,7035,36.84K,-1.58%
2013/09/10,6836,7030,7037,6778,77.71K,-3.12%
2013/09/11,6865,6868,6908,6796,67.88K,0.42%
2013/09/12,6943,6845,6967,6821,80.95K,1.14%
2013/09/13,6831,6967,6987,6804,61.86K,-1.61%
2013/09/14,6921,6855,6935,6855,4.53K,1.32%
2013/09/16,6757,6885,6885,6673,69.36K,-2.37%
2013/09/17,6641,6733,6748,6631,59.43K,-1.72%
2013/09/18,6823,6625,6874,6625,71.93K,2.74%
2013/09/19,6612,6775,6775,6597,46.18K,-3.09%
2013/09/20,6637,6601,6679,6565,63.83K,0.38%
2013/09/21,6637,6637,6637,6637,-,0.00%
2013/09/23,6535,6622,6644,6504,62.53K,-1.54%
2013/09/24,6501,6536,6568,6476,66.34K,-0.52%
2013/09/25,6432,6511,6555,6425,70.05K,-1.06%
2013/09/26,6402,6424,6452,6382,55.24K,-0.47%
2013/09/27,6533,6397,6582,6370,79.72K,2.05%
2013/09/28,6533,6533,6533,6533,-,0.00%
2013/09/30,6440,6477,6477,6373,56.59K,-1.42%
2013/10/01,6376,6420,6447,6357,64.41K,-0.99%
2013/10/03,6453,6377,6477,6377,57.62K,1.21%
2013/10/04,6386,6428,6432,6341,58.37K,-1.04%
2013/10/05,6386,6386,6386,6386,-,0.00%
2013/10/07,6376,6400,6420,6312,67.51K,-0.16%
2013/10/08,6454,6376,6467,6355,61.46K,1.22%
2013/10/09,6303,6470,6470,6283,72.59K,-2.34%
2013/10/10,6337,6314,6367,6210,86.24K,0.54%
2013/10/11,6207,6306,6313,6174,79.30K,-2.05%
2013/10/12,6207,6207,6207,6207,-,0.00%
2013/10/14,6288,6219,6342,6206,67.82K,1.30%
2013/10/15,6272,6292,6322,6246,66.35K,-0.25%
2013/10/16,6327,6269,6348,6224,42.87K,0.88%
2013/10/17,6143,6296,6299,6120,77.16K,-2.91%
2013/10/18,6192,6148,6234,6146,62.68K,0.80%
2013/10/19,6192,6192,6192,6192,-,0.00%
2013/10/21,6108,6193,6215,6094,44.83K,-1.36%
2013/10/22,6059,6178,6184,6047,72.42K,-0.80%
2013/10/23,6017,6041,6068,5957,77.01K,-0.69%
2013/10/24,6000,6028,6038,5937,75.26K,-0.28%
2013/10/25,6045,6010,6053,6002,61.94K,0.75%
2013/10/26,6045,6045,6045,6045,-,0.00%
2013/10/28,6090,6032,6108,6022,61.49K,0.74%
2013/10/29,6057,6092,6107,6042,54.07K,-0.54%
2013/10/30,5954,6051,6051,5941,57.95K,-1.70%
2013/10/31,5996,5941,6006,5930,61.02K,0.71%
2013/11/01,5934,6004,6014,5925,46.84K,-1.03%
2013/11/02,5934,5934,5934,5934,-,0.00%
2013/11/03,5907,5920,5920,5901,3.97K,-0.46%
2013/11/04,5895,5910,5927,5872,25.35K,-0.20%
2013/11/05,5820,5891,5891,5811,45.47K,-1.27%
2013/11/06,5969,5830,5975,5827,72.48K,2.56%
2013/11/07,5940,5966,5994,5902,78.60K,-0.49%
2013/11/08,5993,5939,6028,5917,77.02K,0.89%
2013/11/09,5993,5993,5993,5993,-,0.00%
2013/11/11,6044,6017,6073,5993,61.23K,0.85%
2013/11/12,6033,6043,6094,6022,68.56K,-0.18%
2013/11/13,5983,6020,6020,5916,76.24K,-0.83%
2013/11/14,5948,5960,5964,5868,80.99K,-0.58%
2013/11/15,5903,5941,5948,5893,35.88K,-0.76%
2013/11/16,5903,5903,5903,5903,-,0.00%
2013/11/18,5773,5893,5893,5767,62.11K,-2.20%
2013/11/19,5797,5773,5809,5752,44.36K,0.42%
2013/11/20,5915,5906,5946,5861,73.90K,2.04%
2013/11/21,6056,5928,6063,5916,71.74K,2.38%
2013/11/22,5992,6044,6058,5955,72.25K,-1.06%
2013/11/23,5992,5992,5992,5992,-,0.00%
2013/11/25,5894,5974,5974,5849,66.91K,-1.64%
2013/11/26,5896,5905,5942,5876,55.71K,0.03%
2013/11/27,5781,5890,5890,5771,64.17K,-1.95%
2013/11/28,5782,5773,5808,5772,29.53K,0.02%
2013/11/29,5839,5772,5885,5761,61.86K,0.99%
2013/11/30,5839,5839,5839,5839,-,0.00%
2013/12/02,5852,5835,5873,5784,70.41K,0.22%
2013/12/03,6014,5866,6025,5863,83.21K,2.77%
2013/12/04,6042,6030,6105,5981,90.03K,0.47%
2013/12/05,6034,6025,6055,6006,61.22K,-0.13%
2013/12/06,5981,6016,6068,5972,66.39K,-0.88%
2013/12/07,5981,5981,5981,5981,-,0.00%
2013/12/09,5953,5983,5995,5933,41.12K,-0.47%
2013/12/10,6011,5957,6049,5957,68.82K,0.97%
2013/12/11,6014,6019,6059,6002,60.04K,0.05%
2013/12/12,6079,6007,6108,5993,58.44K,1.08%
2013/12/13,6034,6074,6074,5987,58.11K,-0.74%
2013/12/14,6034,6034,6034,6034,-,0.00%
2013/12/16,6027,6003,6035,5971,59.18K,-0.12%
2013/12/17,6003,6033,6056,5994,52.22K,-0.40%
2013/12/18,6049,6005,6069,6005,37.97K,0.77%
2013/12/19,6239,6122,6247,6122,60.60K,3.14%
2013/12/20,6192,6215,6218,6154,55.50K,-0.75%
2013/12/21,6192,6192,6192,6192,-,0.00%
2013/12/23,6153,6175,6189,6135,39.52K,-0.63%
2013/12/24,6160,6147,6174,6130,30.54K,0.11%
2013/12/26,6199,6174,6203,6174,33.81K,0.63%
2013/12/27,6261,6193,6272,6184,46.65K,1.00%
2013/12/28,6261,6261,6261,6261,-,0.00%
2013/12/30,6158,6248,6258,6152,48.69K,-1.65%
2013/12/31,6122,6164,6173,6095,39.33K,-0.58%
2014/01/01,6135,6124,6170,6123,8.10K,0.21%
2014/01/02,6016,6144,6170,6001,69.78K,-1.94%
2014/01/03,5897,5994,5999,5882,66.21K,-1.98%
2014/01/04,5897,5897,5897,5897,-,0.00%
2014/01/06,5846,5890,5918,5841,55.51K,-0.86%
2014/01/07,5856,5857,5879,5831,52.93K,0.17%
2014/01/08,5787,5857,5874,5778,60.26K,-1.18%
2014/01/09,5705,5775,5784,5700,54.62K,-1.42%
2014/01/10,5704,5716,5770,5669,75.85K,-0.02%
2014/01/13,5656,5700,5700,5640,58.40K,-0.84%
2014/01/14,5701,5642,5714,5642,40.18K,0.80%
2014/01/15,5823,5710,5829,5688,67.60K,2.14%
2014/01/16,5781,5803,5827,5757,54.78K,-0.72%
2014/01/17,5777,5783,5825,5763,45.48K,-0.07%
2014/01/20,5818,5818,5818,5818,-,0.71%
2014/01/21,5922,5806,5948,5796,67.19K,1.79%
2014/01/22,6014,5940,6023,5923,60.50K,1.55%
2014/01/23,6101,6020,6108,6004,70.40K,1.45%
2014/01/24,6106,6091,6135,6059,80.18K,0.08%
2014/01/27,6088,6105,6170,6072,68.96K,-0.29%
2014/01/28,6133,6077,6154,6043,63.95K,0.74%
2014/01/29,6130,6120,6149,6058,72.26K,-0.05%
2014/01/30,6156,6140,6199,6133,59.23K,0.42%
2014/01/31,6169,6141,6187,6106,65.42K,0.21%
2014/02/03,6083,6151,6151,6058,72.77K,-1.39%
2014/02/04,6075,6075,6114,6048,49.42K,-0.13%
2014/02/05,6093,6080,6154,6068,64.96K,0.30%
2014/02/06,6075,6094,6182,6066,62.03K,-0.30%
2014/02/07,6161,6092,6172,6050,59.40K,1.42%
2014/02/10,6248,6180,6272,6180,63.36K,1.41%
2014/02/11,6215,6245,6262,6208,53.48K,-0.53%
2014/02/12,6220,6232,6280,6205,60.66K,0.08%
2014/02/13,6253,6201,6258,6193,49.72K,0.53%
2014/02/14,6198,6244,6244,6156,52.00K,-0.88%
2014/02/17,6231,6210,6257,6210,32.90K,0.53%
2014/02/18,6331,6230,6338,6230,48.16K,1.60%
2014/02/19,6386,6345,6418,6345,35.66K,0.87%
2014/02/20,6414,6420,6437,6391,45.69K,0.44%
2014/02/21,6359,6393,6411,6328,41.80K,-0.86%
2014/02/24,6400,6371,6421,6345,52.93K,0.64%
2014/02/25,6304,6388,6388,6275,53.34K,-1.50%
2014/02/26,6397,6317,6408,6298,61.16K,1.48%
2014/02/27,6348,6386,6419,6331,42.73K,-0.77%
2014/02/28,6371,6339,6382,6309,50.60K,0.36%
2014/03/03,6508,6387,6549,6387,74.46K,2.15%
2014/03/04,6395,6522,6529,6384,74.65K,-1.74%
2014/03/05,6274,6411,6419,6267,67.10K,-1.89%
2014/03/06,6118,6263,6263,6110,76.86K,-2.49%
2014/03/07,6305,6131,6312,6131,68.67K,3.06%
2014/03/10,6178,6307,6330,6156,62.52K,-2.01%
2014/03/11,6134,6155,6219,6105,65.07K,-0.71%
2014/03/12,5983,6120,6120,5965,81.40K,-2.46%
2014/03/13,6021,6000,6038,5971,64.70K,0.64%
2014/03/14,6051,6025,6085,6010,63.40K,0.50%
2014/03/17,5977,6042,6045,5956,27.80K,-1.22%
2014/03/18,6077,5970,6085,5965,58.80K,1.67%
2014/03/19,6109,6055,6135,6055,45.16K,0.53%
2014/03/20,6085,6080,6131,6040,71.04K,-0.39%
2014/03/21,6121,6068,6135,6034,64.10K,0.59%
2014/03/24,6084,6111,6124,6043,60.39K,-0.60%
2014/03/25,6024,6077,6094,5994,75.78K,-0.99%
2014/03/26,6040,6020,6052,5996,64.44K,0.27%
2014/03/27,6139,6043,6148,6043,55.41K,1.64%
2014/03/28,6115,6122,6135,6086,52.26K,-0.39%
2014/03/31,6119,6106,6139,6076,49.10K,0.07%
2014/04/01,5990,6104,6109,5979,58.02K,-2.11%
2014/04/02,5964,5977,5989,5933,64.74K,-0.43%
2014/04/03,6058,5970,6065,5970,59.12K,1.58%
2014/04/04,6080,6069,6114,6055,49.88K,0.36%
2014/04/05,6083,6083,6083,6083,-,0.05%
2014/04/07,6048,6062,6126,6040,60.32K,-0.58%
2014/04/08,6162,6060,6172,6060,44.08K,1.88%
2014/04/09,6235,6157,6242,6143,62.02K,1.18%
2014/04/10,6246,6235,6257,6210,51.70K,0.18%
2014/04/11,6292,6231,6311,6215,48.01K,0.74%
2014/04/14,6282,6294,6294,6250,26.49K,-0.16%
2014/04/15,6277,6270,6291,6213,49.46K,-0.08%
2014/04/16,6250,6271,6339,6218,67.28K,-0.43%
2014/04/17,6287,6252,6318,6246,61.78K,0.59%
2014/04/21,6285,6280,6320,6265,32.65K,-0.03%
2014/04/22,6225,6310,6318,6205,59.19K,-0.95%
2014/04/23,6255,6203,6266,6203,59.09K,0.48%
2014/04/25,6131,6266,6266,6125,65.19K,-1.98%
2014/04/27,6135,6135,6135,6135,-,0.07%
2014/04/28,6135,6144,6177,6115,54.82K,0.00%
2014/04/29,6104,6138,6184,6095,59.16K,-0.51%
2014/04/30,6015,6100,6100,6004,56.34K,-1.46%
2014/05/01,5999,6001,6025,5962,32.13K,-0.27%
2014/05/02,6010,5993,6049,5986,55.44K,0.18%
2014/05/05,5973,5991,6055,5965,59.47K,-0.62%
2014/05/06,6006,5988,6035,5977,64.33K,0.55%
2014/05/07,6033,6010,6060,6000,74.56K,0.45%
2014/05/08,6008,6050,6059,5992,56.65K,-0.41%
2014/05/09,5993,6015,6069,5988,67.25K,-0.25%
2014/05/12,5993,5985,6020,5962,51.92K,0.00%
2014/05/13,6030,6008,6060,6004,58.44K,0.62%
2014/05/14,6094,6039,6109,6039,37.48K,1.06%
2014/05/15,6037,6085,6085,6021,50.77K,-0.94%
2014/05/16,5984,6026,6026,5956,41.53K,-0.88%
2014/05/19,6009,5982,6022,5963,34.84K,0.42%
2014/05/20,6015,6015,6045,5986,53.40K,0.10%
2014/05/21,6131,6031,6139,6031,63.10K,1.93%
2014/05/22,6083,6130,6130,6075,44.95K,-0.78%
2014/05/23,6120,6087,6125,6076,42.85K,0.61%
2014/05/26,6177,6117,6198,6090,39.10K,0.93%
2014/05/27,6147,6168,6186,6105,67.60K,-0.49%
2014/05/28,6112,6155,6179,6101,50.07K,-0.57%
2014/05/29,6128,6100,6139,6055,56.03K,0.26%
2014/05/30,6106,6107,6115,6077,41.74K,-0.36%
2014/06/02,6064,6115,6133,6059,43.83K,-0.69%
2014/06/03,6093,6078,6112,6075,44.01K,0.48%
2014/06/04,6101,6105,6159,6095,58.18K,0.13%
2014/06/05,6061,6094,6094,6013,60.19K,-0.66%
2014/06/06,6057,6068,6086,6039,39.55K,-0.07%
2014/06/09,6181,6062,6189,6062,47.79K,2.05%
2014/06/10,6170,6191,6227,6163,46.58K,-0.18%
2014/06/11,6194,6179,6224,6179,44.22K,0.39%
2014/06/12,6290,6209,6309,6202,71.53K,1.55%
2014/06/13,6399,6300,6414,6300,63.46K,1.73%
2014/06/16,6421,6420,6473,6412,51.01K,0.34%
2014/06/17,6414,6434,6466,6369,64.84K,-0.11%
2014/06/18,6378,6418,6472,6370,71.29K,-0.56%
2014/06/19,6381,6384,6410,6318,43.65K,0.05%
2014/06/20,6460,6424,6467,6395,48.78K,1.24%
2014/06/23,6405,6470,6499,6391,58.69K,-0.85%
2014/06/24,6400,6387,6435,6370,51.12K,-0.08%
2014/06/25,6428,6427,6472,6373,68.93K,0.44%
2014/06/26,6385,6438,6450,6348,59.13K,-0.67%
2014/06/27,6364,6385,6410,6350,48.73K,-0.33%
2014/06/30,6337,6355,6375,6314,49.32K,-0.42%
2014/07/01,6301,6356,6395,6289,55.97K,-0.57%
2014/07/02,6238,6309,6350,6232,74.00K,-1.00%
2014/07/03,6210,6225,6244,6191,51.36K,-0.45%
2014/07/04,6222,6214,6234,6205,25.03K,0.19%
2014/07/07,6215,6235,6254,6196,44.41K,-0.11%
2014/07/08,6189,6215,6237,6182,49.44K,-0.42%
2014/07/09,6116,6199,6212,6108,54.19K,-1.18%
2014/07/10,6180,6109,6189,6076,56.26K,1.05%
2014/07/11,6070,6190,6203,6056,50.54K,-1.78%
2014/07/12,6069,6069,6069,6069,-,-0.02%
2014/07/13,6069,6069,6069,6069,-,0.00%
2014/07/14,6047,6054,6073,6026,49.42K,-0.36%
2014/07/15,5997,6074,6088,5968,62.75K,-0.83%
2014/07/16,6088,6019,6098,6019,64.14K,1.52%
2014/07/17,6221,6095,6231,6091,80.00K,2.18%
2014/07/18,6209,6230,6264,6197,61.64K,-0.19%
2014/07/20,6208,6208,6208,6208,-,-0.02%
2014/07/21,6259,6197,6273,6177,47.74K,0.82%
2014/07/22,6181,6196,6254,6175,53.32K,-1.25%
2014/07/23,6199,6170,6215,6148,58.89K,0.29%
2014/07/24,6158,6210,6225,6152,52.74K,-0.66%
2014/07/25,6150,6160,6175,6086,62.48K,-0.13%
2014/07/27,6147,6147,6147,6147,-,-0.05%
2014/07/28,6139,6125,6149,6083,55.77K,-0.13%
2014/07/29,6083,6120,6120,6066,44.00K,-0.91%
2014/07/30,6074,6085,6145,6061,72.73K,-0.15%
2014/07/31,6006,6060,6084,5995,70.66K,-1.12%
2014/08/01,5974,5995,6004,5938,74.19K,-0.53%
2014/08/04,6014,5987,6023,5966,61.59K,0.67%
2014/08/05,5948,6009,6017,5942,62.03K,-1.10%
2014/08/06,5957,5962,6037,5950,85.02K,0.15%
2014/08/07,5987,5964,6007,5934,70.50K,0.50%
2014/08/08,5975,5995,6065,5960,67.91K,-0.20%
2014/08/10,5974,5974,5974,5974,-,-0.02%
2014/08/11,6011,5977,6034,5974,62.77K,0.62%
2014/08/12,5981,6005,6005,5945,57.50K,-0.50%
2014/08/13,5950,5965,5976,5918,58.37K,-0.52%
2014/08/14,5829,5943,5954,5824,62.44K,-2.03%
2014/08/18,5844,5854,5900,5825,46.15K,0.26%
2014/08/19,5756,5858,5892,5744,43.30K,-1.51%
2014/08/20,5699,5687,5720,5660,59.98K,-0.99%
2014/08/21,5745,5690,5753,5662,62.25K,0.81%
2014/08/22,5679,5741,5741,5652,62.89K,-1.15%
2014/08/25,5683,5690,5724,5666,55.30K,0.07%
2014/08/26,5698,5692,5729,5680,59.43K,0.26%
2014/08/27,5675,5708,5724,5668,53.39K,-0.40%
2014/08/28,5761,5686,5767,5678,72.35K,1.52%
2014/08/29,5831,5770,5838,5760,34.73K,1.22%
2014/09/01,5821,5821,5828,5802,28.76K,-0.17%
2014/09/02,5665,5825,5834,5651,77.20K,-2.68%
2014/09/03,5767,5671,5779,5657,73.07K,1.80%
2014/09/04,5745,5761,5777,5694,73.48K,-0.38%
2014/09/05,5642,5731,5762,5615,78.42K,-1.79%
2014/09/08,5589,5640,5656,5550,72.73K,-0.94%
2014/09/09,5672,5598,5708,5598,83.94K,1.49%
2014/09/10,5589,5661,5686,5573,77.81K,-1.46%
2014/09/11,5633,5588,5640,5526,88.42K,0.79%
2014/09/12,5672,5640,5707,5630,87.97K,0.69%
2014/09/13,5669,5669,5669,5669,-,-0.05%
2014/09/15,5667,5665,5675,5566,103.94K,-0.04%
2014/09/16,5795,5674,5805,5651,86.34K,2.26%
2014/09/17,5732,5791,5797,5714,93.23K,-1.09%
2014/09/18,5672,5733,5780,5657,79.92K,-1.05%
2014/09/19,5609,5656,5669,5586,55.42K,-1.11%
2014/09/22,5577,5600,5626,5552,72.79K,-0.57%
2014/09/23,5639,5584,5653,5571,86.73K,1.11%
2014/09/24,5630,5626,5642,5586,89.27K,-0.16%
2014/09/25,5714,5640,5772,5640,102.36K,1.49%
2014/09/26,5775,5715,5783,5672,86.90K,1.07%
2014/09/27,5780,5780,5780,5780,-,0.09%
2014/09/29,5850,5764,5860,5728,80.82K,1.21%
2014/09/30,5673,5856,5885,5651,111.72K,-3.03%
2014/10/01,5686,5680,5755,5652,86.76K,0.23%
2014/10/03,5560,5657,5657,5543,59.73K,-2.22%
2014/10/05,5552,5552,5552,5552,-,-0.14%
2014/10/06,5556,5564,5578,5477,57.72K,0.07%
2014/10/07,5485,5548,5573,5472,83.02K,-1.28%
2014/10/08,5382,5470,5470,5351,107.08K,-1.88%
2014/10/09,5264,5370,5375,5241,105.84K,-2.19%
2014/10/10,5284,5236,5298,5132,132.47K,0.38%
2014/10/13,5219,5278,5278,5151,112.84K,-1.23%
2014/10/14,5122,5196,5240,5102,121.63K,-1.86%
2014/10/16,5109,5101,5226,4944,180.52K,-0.25%
2014/10/17,5095,5128,5199,5043,116.84K,-0.27%
2014/10/20,5079,5093,5115,4996,70.63K,-0.31%
2014/10/21,5025,5057,5118,5016,99.32K,-1.06%
2014/10/22,5002,5040,5114,4993,110.52K,-0.46%
2014/10/23,5026,4994,5039,4967,27.13K,0.48%
2014/10/24,4968,5002,5011,4945,54.21K,-1.15%
2014/10/27,4979,4975,5000,4898,101.25K,0.22%
2014/10/28,4985,4975,5028,4956,100.31K,0.12%
2014/10/29,5083,4990,5095,4990,97.58K,1.97%
2014/10/30,5017,5080,5080,4980,82.27K,-1.30%
2014/10/31,4931,4992,5004,4907,88.11K,-1.71%
2014/11/03,4963,4941,4989,4905,92.10K,0.65%
2014/11/04,4721,4951,4951,4691,89.23K,-4.88%
2014/11/05,4833,4731,4891,4705,136.94K,2.37%
2014/11/06,4814,4820,4840,4752,60.95K,-0.39%
2014/11/07,4861,4791,4885,4774,90.65K,0.98%
2014/11/10,4783,4864,4920,4765,104.84K,-1.60%
2014/11/11,4773,4761,4789,4716,94.09K,-0.21%
2014/11/12,4756,4770,4802,4734,89.66K,-0.36%
2014/11/13,4641,4742,4756,4627,113.79K,-2.42%
2014/11/14,4662,4625,4672,4524,114.24K,0.45%
2014/11/16,4664,4664,4664,4664,-,0.04%
2014/11/17,4656,4660,4671,4616,79.20K,-0.17%
2014/11/18,4607,4666,4723,4587,103.02K,-1.05%
2014/11/19,4637,4592,4650,4569,62.78K,0.65%
2014/11/20,4680,4662,4704,4628,90.08K,0.93%
2014/11/21,4697,4694,4818,4687,119.11K,0.36%
2014/11/24,4752,4725,4787,4718,93.98K,1.17%
2014/11/25,4641,4739,4758,4622,120.98K,-2.34%
2014/11/26,4579,4625,4628,4554,108.44K,-1.34%
2014/11/27,4291,4566,4566,4262,189.95K,-6.29%
2014/11/28,4210,4250,4349,4192,167.18K,-1.89%
2014/12/01,4271,4185,4287,3982,185.61K,1.45%
2014/12/02,4207,4250,4318,4154,130.54K,-1.50%
2014/12/03,4187,4214,4235,4158,125.06K,-0.48%
2014/12/04,4136,4200,4237,4103,119.17K,-1.22%
2014/12/05,4120,4131,4160,4057,109.68K,-0.39%
2014/12/08,3933,4115,4115,3913,124.24K,-4.54%
2014/12/09,3943,3920,3987,3874,154.11K,0.25%
2014/12/10,3814,3915,3934,3772,153.42K,-3.27%
2014/12/11,3816,3806,3858,3762,151.27K,0.05%
2014/12/12,3638,3800,3800,3601,169.79K,-4.66%
2014/12/15,3598,3634,3699,3562,170.26K,-1.10%
2014/12/16,3573,3571,3670,3436,234.21K,-0.69%
2014/12/17,3672,3552,3715,3457,204.56K,2.77%
2014/12/18,3531,3655,3718,3483,132.20K,-3.84%
2014/12/19,3616,3545,3649,3470,187.95K,2.41%
2014/12/22,3534,3650,3730,3526,174.05K,-2.27%
2014/12/23,3609,3559,3633,3522,159.68K,2.12%
2014/12/24,3550,3612,3647,3525,132.56K,-1.63%
2014/12/26,3547,3590,3624,3537,112.00K,-0.08%
2014/12/29,3414,3555,3568,3396,121.71K,-3.75%
2014/12/30,3423,3428,3464,3371,141.65K,0.26%
2014/12/31,3369,3411,3421,3344,120.35K,-1.58%
2015/01/01,3400,3398,3410,3383,14.36K,0.92%
2015/01/02,3391,3419,3438,3323,169.07K,-0.26%
2015/01/05,3215,3380,3380,3190,186.09K,-5.19%
2015/01/06,3069,3197,3207,3047,214.95K,-4.54%
2015/01/07,3077,3053,3137,2986,255.86K,0.26%
2015/01/08,3055,3102,3119,3035,154.95K,-0.71%
2015/01/09,2983,3075,3093,2945,157.23K,-2.36%
2015/01/12,2890,2971,2973,2864,140.49K,-3.12%
2015/01/13,2826,2866,2870,2757,202.54K,-2.21%
2015/01/14,2863,2811,2907,2804,168.48K,1.31%
2015/01/15,2939,2892,3120,2892,217.86K,2.65%
2015/01/16,2971,2912,2995,2870,115.18K,1.09%
2015/01/17,3003,3003,3003,3003,-,1.08%
2015/01/19,2983,3037,3063,2973,102.07K,-0.67%
2015/01/20,2941,2988,3007,2911,148.77K,-1.41%
2015/01/21,2948,2924,2989,2896,147.08K,0.24%
2015/01/22,2891,2947,3048,2851,206.13K,-1.93%
2015/01/23,2837,2887,2937,2822,168.72K,-1.87%
2015/01/25,2839,2839,2839,2839,-,0.07%
2015/01/27,2842,2820,2868,2778,149.98K,0.11%
2015/01/28,2772,2830,2830,2762,140.42K,-2.46%
2015/01/29,2754,2759,2798,2720,143.36K,-0.65%
2015/01/30,2855,2771,2867,2766,157.19K,3.67%
2015/02/02,3053,2870,3100,2870,261.00K,6.94%
2015/02/03,3226,3080,3236,3068,223.83K,5.67%
2015/02/04,3064,3236,3257,3051,239.49K,-5.02%
2015/02/05,3187,3045,3223,2945,302.41K,4.01%
2015/02/06,3260,3170,3303,3161,230.14K,2.29%
2015/02/09,3308,3234,3340,3221,175.68K,1.47%
2015/02/10,3167,3284,3284,3114,157.99K,-4.26%
2015/02/11,3075,3155,3160,3001,207.75K,-2.90%
2015/02/12,3170,3078,3198,3078,215.62K,3.09%
2015/02/13,3294,3175,3330,3175,170.71K,3.91%
2015/02/16,3287,3275,3317,3245,101.63K,-0.21%
2015/02/17,3247,3297,3320,3164,119.66K,-1.22%
2015/02/18,3245,3276,3327,3229,161.20K,-0.06%
2015/02/19,3186,3214,3219,3061,129.39K,-1.82%
2015/02/20,3215,3270,3295,3200,163.02K,0.91%
2015/02/21,3212,3212,3212,3212,-,-0.09%
2015/02/23,3096,3196,3270,3055,177.78K,-3.61%
2015/02/24,3122,3103,3153,3058,165.95K,0.84%
2015/02/25,3117,3100,3135,3030,167.58K,-0.16%
2015/02/26,3055,3142,3175,3047,166.03K,-1.99%
2015/02/27,3034,3046,3082,3016,156.56K,-0.69%
2015/02/28,3067,3061,3069,3052,10.12K,1.09%
2015/03/02,3149,3069,3177,3040,170.03K,2.67%
2015/03/03,3138,3134,3155,3083,160.33K,-0.35%
2015/03/04,3163,3148,3200,3112,175.82K,0.80%
2015/03/05,3212,3189,3279,3185,171.08K,1.55%
2015/03/06,3138,3209,3209,3121,99.02K,-2.30%
2015/03/09,3163,3120,3197,3103,162.07K,0.80%
2015/03/10,3061,3166,3166,3052,159.59K,-3.22%
2015/03/11,3000,3069,3094,2990,158.20K,-1.99%
2015/03/12,2982,3021,3059,2956,154.79K,-0.60%
2015/03/13,2866,2964,2978,2846,170.82K,-3.89%
2015/03/14,2865,2865,2865,2865,-,-0.03%
2015/03/16,2741,2852,2852,2704,180.85K,-4.33%
2015/03/17,2759,2754,2782,2683,175.82K,0.66%
2015/03/18,2666,2752,2752,2643,153.10K,-3.37%
2015/03/19,2706,2673,2754,2668,152.16K,1.50%
2015/03/20,2948,2885,2986,2832,188.70K,8.94%
2015/03/23,2930,2930,2965,2859,167.23K,-0.61%
2015/03/24,2995,2929,3047,2929,214.09K,2.22%
2015/03/25,3094,2982,3111,2961,219.13K,3.31%
2015/03/26,3253,3114,3368,3114,243.00K,5.14%
2015/03/27,3152,3214,3222,3127,168.60K,-3.10%
2015/03/30,3017,3125,3125,2999,174.63K,-4.28%
2015/03/31,3025,3025,3055,2977,181.02K,0.27%
2015/04/01,3118,3007,3150,2952,208.30K,3.07%
2015/04/02,3037,3102,3117,3007,145.39K,-2.60%
2015/04/06,3254,3075,3263,3075,176.56K,7.15%
2015/04/07,3325,3240,3365,3203,178.89K,2.18%
2015/04/08,3182,3303,3321,3166,178.35K,-4.30%
2015/04/09,3215,3195,3250,3162,176.37K,1.04%
2015/04/10,3220,3183,3240,3132,179.67K,0.16%
2015/04/13,3273,3222,3319,3222,189.12K,1.65%
2015/04/14,3342,3276,3354,3261,116.69K,2.11%
2015/04/15,3496,3354,3505,3342,200.05K,4.61%
2015/04/16,3559,3512,3580,3435,192.19K,1.80%
2015/04/17,3494,3536,3554,3481,160.47K,-1.83%
2015/04/20,3531,3529,3577,3426,113.46K,1.06%
2015/04/21,3593,3651,3677,3580,152.98K,1.76%
2015/04/22,3568,3580,3621,3520,182.63K,-0.70%
2015/04/23,3688,3561,3710,3545,187.49K,3.36%
2015/04/24,3650,3670,3698,3614,161.50K,-1.03%
2015/04/27,3611,3642,3693,3601,141.16K,-1.07%
2015/04/28,3626,3607,3668,3573,144.78K,0.42%
2015/04/29,3755,3607,3771,3590,165.66K,3.56%
2015/04/30,3790,3745,3805,3730,160.47K,0.93%
2015/05/01,3754,3780,3807,3731,77.17K,-0.95%
2015/05/04,3752,3795,3813,3731,111.36K,-0.05%
2015/05/05,3857,3746,3886,3738,147.05K,2.80%
2015/05/06,3882,3882,3989,3870,194.33K,0.65%
2015/05/07,3790,3874,3946,3777,184.11K,-2.37%
2015/05/08,3796,3766,3830,3723,202.45K,0.16%
2015/05/11,3788,3805,3827,3763,163.27K,-0.21%
2015/05/12,3887,3806,3935,3801,209.38K,2.61%
2015/05/13,3909,3900,3965,3876,242.58K,0.57%
2015/05/14,3776,3895,3895,3767,146.48K,-3.40%
2015/05/15,3779,3796,3807,3717,118.87K,0.08%
2015/05/18,3772,3805,3868,3766,86.61K,-0.19%
2015/05/19,3737,3859,3869,3728,139.52K,-0.93%
2015/05/20,3775,3757,3795,3725,208.67K,1.02%
2015/05/21,3861,3786,3891,3782,131.71K,2.28%
2015/05/22,3813,3862,3883,3793,103.01K,-1.24%
2015/05/25,3830,3823,3848,3772,90.27K,0.45%
2015/05/26,3725,3826,3841,3710,167.03K,-2.74%
2015/05/27,3713,3746,3790,3697,166.70K,-0.32%
2015/05/28,3668,3708,3721,3625,153.72K,-1.21%
2015/05/29,3869,3670,3878,3670,174.97K,5.48%
2015/06/01,3830,3847,3867,3788,125.83K,-1.01%
2015/06/02,3918,3832,3935,3832,143.77K,2.30%
2015/06/03,3825,3899,3933,3815,162.86K,-2.37%
2015/06/04,3720,3832,3850,3712,152.06K,-2.75%
2015/06/05,3742,3724,3759,3656,170.06K,0.59%
2015/06/08,3731,3762,3798,3718,134.17K,-0.29%
2015/06/09,3854,3745,3865,3732,146.38K,3.30%
2015/06/10,3887,3870,3955,3870,163.14K,0.86%
2015/06/11,3895,3892,3937,3856,125.91K,0.21%
2015/06/12,3858,3874,3879,3835,109.67K,-0.95%
2015/06/15,3818,3852,3852,3770,113.75K,-1.04%
2015/06/16,3849,3825,3874,3822,105.27K,0.81%
2015/06/17,3795,3857,3940,3780,156.40K,-1.40%
2015/06/18,3846,3795,3880,3783,137.74K,1.34%
2015/06/19,3789,3847,3863,3758,80.33K,-1.48%
2015/06/22,3807,3815,3869,3783,118.51K,0.48%
2015/06/23,3910,3818,3920,3809,175.61K,2.71%
2015/06/24,3830,3906,3934,3820,157.29K,-2.05%
2015/06/25,3810,3844,3856,3792,108.17K,-0.52%
2015/06/26,3815,3808,3828,3755,121.34K,0.13%
2015/06/29,3735,3792,3797,3723,129.02K,-2.10%
2015/06/30,3776,3727,3787,3714,115.88K,1.10%
2015/07/01,3649,3762,3762,3635,146.12K,-3.36%
2015/07/02,3641,3636,3684,3621,121.94K,-0.22%
2015/07/03,3520,3632,3632,3510,92.08K,-3.32%
2015/07/06,3384,3505,3517,3374,181.42K,-3.86%
2015/07/07,3306,3370,3397,3226,236.53K,-2.30%
2015/07/08,3276,3296,3377,3245,215.65K,-0.91%
2015/07/09,3361,3309,3398,3309,164.71K,2.59%
2015/07/10,3331,3380,3418,3302,174.35K,-0.89%
2015/07/13,3350,3316,3379,3260,192.90K,0.57%
2015/07/14,3347,3340,3385,3235,198.27K,-0.09%
2015/07/15,3288,3376,3389,3272,170.86K,-1.76%
2015/07/16,3255,3298,3314,3241,150.36K,-1.00%
2015/07/17,3208,3250,3250,3187,138.25K,-1.44%
2015/07/20,3181,3218,3255,3172,98.20K,-0.84%
2015/07/21,3235,3224,3285,3206,133.42K,1.70%
2015/07/22,3197,3230,3238,3183,152.24K,-1.17%
2015/07/23,3111,3186,3186,3098,131.53K,-2.69%
2015/07/24,3098,3130,3158,3080,131.73K,-0.42%
2015/07/27,3079,3087,3102,3052,127.01K,-0.61%
2015/07/28,3083,3071,3113,3008,173.52K,0.13%
2015/07/29,3148,3071,3177,3045,195.08K,2.11%
2015/07/30,3132,3144,3174,3122,150.37K,-0.51%
2015/07/31,3038,3121,3121,3030,165.30K,-3.00%
2015/08/03,2918,3035,3035,2907,170.34K,-3.95%
2015/08/04,2935,2925,2959,2918,136.04K,0.58%
2015/08/05,2888,2948,2989,2873,210.31K,-1.60%
2015/08/06,2847,2885,2895,2826,152.11K,-1.42%
2015/08/07,2824,2857,2887,2815,156.31K,-0.81%
2015/08/10,2860,2815,2885,2786,187.61K,1.27%
2015/08/11,2780,2874,2913,2767,190.44K,-2.80%
2015/08/12,2821,2787,2850,2781,228.62K,1.47%
2015/08/13,2758,2816,2845,2746,153.09K,-2.23%
2015/08/14,2780,2742,2797,2732,143.77K,0.80%
2015/08/17,2779,2765,2796,2728,147.52K,-0.04%
2015/08/18,2779,2765,2785,2715,142.04K,0.00%
2015/08/19,2650,2775,2789,2637,124.15K,-4.64%
2015/08/20,2754,2700,2762,2679,181.50K,3.92%
2015/08/21,2684,2735,2757,2670,197.01K,-2.54%
2015/08/24,2639,2672,2672,2577,253.54K,-1.68%
2015/08/25,2607,2628,2662,2600,222.06K,-1.21%
2015/08/26,2610,2619,2662,2582,222.33K,0.12%
2015/08/27,2789,2626,2817,2624,252.68K,6.86%
2015/08/28,3005,2810,3046,2785,337.76K,7.74%
2015/08/31,3230,2993,3260,2917,316.21K,7.49%
2015/09/01,3058,3220,3257,3032,329.80K,-5.33%
2015/09/02,3034,3025,3083,2880,338.33K,-0.78%
2015/09/03,3086,3048,3213,3042,267.90K,1.71%
2015/09/04,3110,3097,3148,3061,223.74K,0.78%
2015/09/07,2948,3093,3093,2931,138.29K,-5.21%
2015/09/08,3049,2954,3095,2949,250.35K,3.43%
2015/09/09,2989,3071,3084,2976,186.26K,-1.97%
2015/09/10,3041,2975,3065,2921,229.87K,1.74%
2015/09/11,3000,3041,3047,2945,174.87K,-1.35%
2015/09/14,2923,2985,2985,2901,145.24K,-2.57%
2015/09/15,2955,2934,2994,2927,134.55K,1.09%
2015/09/16,3096,2960,3132,2960,191.93K,4.77%
2015/09/17,3097,3084,3159,3078,119.40K,0.03%
2015/09/18,2969,3084,3098,2953,172.18K,-4.13%
2015/09/21,3043,2971,3053,2962,113.49K,2.49%
2015/09/22,3031,3069,3077,3013,150.40K,-0.39%
2015/09/23,2983,3055,3134,2970,219.43K,-1.58%
2015/09/24,2984,2991,3016,2921,184.85K,0.03%
2015/09/25,3031,2995,3084,2995,119.36K,1.58%
2015/09/28,2968,3030,3030,2956,150.33K,-2.08%
2015/09/29,3026,2968,3033,2953,139.58K,1.95%
2015/09/30,2979,3005,3023,2950,184.18K,-1.55%
2015/10/01,2971,2990,3098,2959,223.62K,-0.27%
2015/10/05,3030,2998,3067,2994,155.14K,1.99%
2015/10/06,3137,3032,3179,3005,200.61K,3.53%
2015/10/07,3162,3167,3251,3119,230.44K,0.80%
2015/10/08,3217,3150,3233,3122,192.60K,1.74%
2015/10/09,3205,3230,3303,3193,186.52K,-0.37%
2015/10/12,3075,3205,3258,3067,214.48K,-4.06%
2015/10/13,3089,3086,3159,3042,205.14K,0.46%
2015/10/14,3034,3061,3066,2976,189.42K,-1.78%
2015/10/15,2986,3030,3030,2936,186.91K,-1.58%
2015/10/16,3055,3008,3075,2994,157.58K,2.31%
2015/10/19,2992,3056,3058,2980,103.69K,-2.06%
2015/10/20,3009,3043,3072,3001,141.57K,0.57%
2015/10/21,2972,3013,3023,2954,168.13K,-1.23%
2015/10/22,2951,2983,3021,2943,101.00K,-0.71%
2015/10/23,2927,2956,2990,2895,168.83K,-0.81%
2015/10/26,2877,2930,2940,2870,121.96K,-1.71%
2015/10/27,2818,2873,2873,2792,144.97K,-2.05%
2015/10/28,2998,2836,3008,2823,236.50K,6.39%
2015/10/29,3028,3001,3070,2966,213.70K,1.00%
2015/10/30,3068,3013,3076,2983,182.30K,1.32%
2015/11/02,3033,3052,3080,3007,165.35K,-1.14%
2015/11/03,3158,3032,3170,3027,188.03K,4.12%
2015/11/04,3049,3145,3173,3041,215.51K,-3.45%
2015/11/05,3039,3065,3075,3015,141.64K,-0.33%
2015/11/06,2950,3010,3019,2940,155.39K,-2.93%
2015/11/09,2930,2973,3007,2912,145.93K,-0.68%
2015/11/10,2941,2939,2974,2897,147.58K,0.38%
2015/11/11,2892,2890,2910,2883,28.71K,-1.67%
2015/11/12,2771,2890,2890,2764,138.74K,-4.18%
2015/11/13,2689,2759,2800,2677,157.28K,-2.96%
2015/11/16,2735,2710,2769,2655,204.65K,1.71%
2015/11/17,2703,2753,2779,2686,207.13K,-1.17%
2015/11/18,2673,2716,2755,2649,197.94K,-1.11%
2015/11/19,2664,2693,2712,2636,118.28K,-0.34%
2015/11/20,2833,2788,2847,2758,159.74K,6.34%
2015/11/23,2828,2803,2857,2707,267.14K,-0.18%
2015/11/24,2876,2816,2902,2798,215.02K,1.70%
2015/11/25,2860,2870,2871,2792,145.30K,-0.56%
2015/11/26,2851,2870,2894,2840,137.53K,-0.31%
2015/11/27,2821,2854,2859,2816,145.06K,-1.05%
2015/11/30,2798,2815,2852,2788,178.42K,-0.82%
2015/12/01,2773,2808,2822,2760,217.22K,-0.89%
2015/12/02,2700,2778,2795,2687,228.70K,-2.63%
2015/12/03,2791,2700,2805,2695,229.51K,3.37%
2015/12/04,2684,2780,2819,2661,261.83K,-3.83%
2015/12/07,2529,2652,2660,2523,201.62K,-5.77%
2015/12/08,2528,2535,2589,2462,273.73K,-0.04%
2015/12/09,2496,2559,2616,2478,283.74K,-1.27%
2015/12/10,2467,2511,2516,2448,194.37K,-1.16%
2015/12/11,2403,2463,2468,2386,204.16K,-2.59%
2015/12/14,2453,2388,2466,2327,257.34K,2.08%
2015/12/15,2519,2436,2537,2421,262.06K,2.69%
2015/12/16,2385,2490,2495,2368,232.08K,-5.32%
2015/12/17,2315,2369,2376,2303,185.31K,-2.94%
2015/12/18,2292,2308,2362,2276,146.60K,-0.99%
2015/12/21,2385,2402,2409,2366,170.22K,4.06%
2015/12/22,2427,2398,2438,2386,175.86K,1.76%
2015/12/23,2491,2428,2514,2426,207.53K,2.64%
2015/12/24,2528,2497,2540,2484,104.66K,1.49%
2015/12/28,2447,2520,2520,2442,144.73K,-3.20%
2015/12/29,2514,2452,2525,2452,131.43K,2.74%
2015/12/30,2442,2500,2500,2431,140.58K,-2.86%
2015/12/31,2493,2448,2513,2411,134.17K,2.09%
2016/01/01,2480,2475,2497,2465,24.88K,-0.52%
2016/01/04,2465,2494,2566,2433,290.30K,-0.60%
2016/01/05,2407,2467,2476,2397,212.23K,-2.35%
2016/01/06,2291,2419,2422,2267,268.23K,-4.82%
2016/01/07,2254,2275,2291,2156,350.68K,-1.62%
2016/01/08,2244,2262,2285,2196,260.26K,-0.44%
2016/01/11,2089,2215,2226,2047,260.40K,-6.91%
2016/01/12,2030,2077,2161,2023,326.49K,-2.82%
2016/01/13,2051,2039,2123,2018,306.49K,1.03%
2016/01/14,2113,2054,2145,2054,246.26K,3.02%
2016/01/15,1996,2110,2110,1987,236.11K,-5.54%
2016/01/18,1962,1983,2020,1940,218.52K,-1.70%
2016/01/19,1950,1983,2040,1932,203.38K,-0.61%
2016/01/20,1919,2045,2045,1902,303.18K,-1.59%
2016/01/21,2055,1934,2069,1913,366.79K,7.09%
2016/01/22,2158,2040,2168,2029,297.99K,5.01%
2016/01/25,2100,2170,2227,2075,324.29K,-2.69%
2016/01/27,2202,2080,2247,2067,398.04K,4.86%
2016/01/28,2287,2190,2341,2176,367.10K,3.86%
2016/01/29,2286,2299,2345,2231,281.32K,-0.04%
2016/02/01,2153,2276,2276,2149,287.88K,-5.82%
2016/02/02,2069,2109,2135,2042,281.39K,-3.90%
2016/02/03,2170,2061,2180,2032,389.31K,4.88%
2016/02/04,2181,2187,2278,2153,345.54K,0.51%
2016/02/05,2157,2163,2200,2108,316.67K,-1.10%
2016/02/08,2048,2139,2139,2028,300.35K,-5.05%
2016/02/09,1939,2057,2090,1926,289.97K,-5.32%
2016/02/10,1899,1943,1989,1871,343.01K,-2.06%
2016/02/11,1844,1895,1895,1805,314.34K,-2.90%
2016/02/12,2006,1858,2012,1851,353.47K,8.79%
2016/02/15,2037,2001,2057,1983,191.03K,1.55%
2016/02/16,1992,2064,2154,1972,370.22K,-2.21%
2016/02/17,2114,2000,2131,1977,315.35K,6.12%
2016/02/18,2125,2135,2190,2095,291.22K,0.52%
2016/02/19,2029,2101,2107,1998,171.68K,-4.52%
2016/02/22,2329,2220,2335,2220,223.40K,14.79%
2016/02/23,2200,2303,2316,2192,274.73K,-5.54%
2016/02/24,2220,2190,2234,2116,294.90K,0.91%
2016/02/25,2202,2211,2238,2158,276.81K,-0.81%
2016/02/26,2316,2220,2396,2220,319.71K,5.18%
2016/02/29,2321,2298,2332,2230,234.09K,0.22%
2016/03/01,2343,2327,2366,2280,279.31K,0.95%
2016/03/02,2341,2321,2382,2280,299.20K,-0.09%
2016/03/03,2337,2353,2383,2313,205.69K,-0.17%
2016/03/04,2405,2340,2417,2320,238.94K,2.91%
2016/03/07,2547,2429,2554,2429,181.96K,5.90%
2016/03/08,2475,2528,2595,2466,237.16K,-2.83%
2016/03/09,2546,2480,2570,2468,236.88K,2.87%
2016/03/10,2553,2574,2583,2508,234.72K,0.27%
2016/03/11,2595,2589,2619,2563,184.54K,1.65%
2016/03/14,2500,2583,2583,2471,184.79K,-3.66%
2016/03/15,2457,2483,2489,2430,178.52K,-1.72%
2016/03/16,2548,2471,2563,2471,188.49K,3.70%
2016/03/17,2654,2575,2666,2575,209.70K,4.16%
2016/03/18,2648,2679,2745,2634,161.44K,-0.23%
2016/03/21,2773,2740,2788,2702,199.53K,4.72%
2016/03/22,2770,2772,2805,2735,199.29K,-0.11%
2016/03/23,2699,2754,2768,2695,176.58K,-2.56%
2016/03/24,2658,2686,2686,2589,127.31K,-1.52%
2016/03/28,2633,2675,2692,2613,164.38K,-0.94%
2016/03/29,2562,2619,2628,2546,175.85K,-2.70%
2016/03/30,2549,2580,2645,2545,241.64K,-0.51%
2016/03/31,2572,2545,2592,2505,211.90K,0.90%
2016/04/01,2463,2560,2560,2453,223.30K,-4.24%
2016/04/04,2400,2457,2470,2390,196.41K,-2.56%
2016/04/05,2380,2380,2395,2355,189.24K,-0.83%
2016/04/06,2515,2383,2522,2383,244.80K,5.67%
2016/04/07,2478,2539,2547,2460,196.52K,-1.47%
2016/04/08,2625,2489,2656,2489,226.30K,5.93%
2016/04/11,2666,2651,2707,2612,224.15K,1.56%
2016/04/12,2782,2673,2792,2667,225.28K,4.35%
2016/04/13,2793,2776,2820,2744,235.82K,0.40%
2016/04/14,2789,2798,2805,2768,107.14K,-0.14%
2016/04/15,2698,2750,2750,2664,124.66K,-3.26%
2016/04/18,2655,2675,2682,2544,234.58K,-1.59%
2016/04/19,2726,2690,2765,2652,110.71K,2.67%
2016/04/20,2919,2804,2926,2755,256.03K,7.08%
2016/04/21,2903,2940,2965,2878,204.06K,-0.55%
2016/04/22,2936,2921,2973,2883,201.27K,1.14%
2016/04/25,2878,2902,2946,2868,210.42K,-1.98%
2016/04/26,2937,2877,2948,2853,180.59K,2.05%
2016/04/27,2985,2950,3014,2926,219.01K,1.63%
2016/04/28,3064,3000,3072,2996,164.99K,2.65%
2016/04/29,3035,3070,3115,3023,194.42K,-0.95%
2016/05/02,2987,3035,3073,2969,185.62K,-1.58%
2016/05/03,2912,2999,3012,2894,209.37K,-2.51%
2016/05/04,2901,2915,2994,2894,246.93K,-0.38%
2016/05/05,2949,2925,3064,2925,263.35K,1.65%
2016/05/06,2977,2930,3019,2910,248.48K,0.95%
2016/05/09,2911,3000,3046,2902,229.55K,-2.22%
2016/05/10,2968,2920,2974,2884,236.88K,1.96%
2016/05/11,3080,2965,3086,2939,273.47K,3.77%
2016/05/12,3096,3071,3137,3047,220.02K,0.52%
2016/05/13,3097,3084,3110,3063,177.96K,0.03%
2016/05/16,3179,3120,3194,3120,149.93K,2.65%
2016/05/17,3208,3195,3234,3180,167.82K,0.91%
2016/05/18,3268,3215,3277,3215,196.34K,1.87%
2016/05/19,3219,3245,3245,3143,144.56K,-1.50%
2016/05/20,3281,3291,3333,3250,173.49K,1.93%
2016/05/23,3251,3261,3270,3218,166.87K,-0.91%
2016/05/24,3309,3248,3319,3239,176.10K,1.78%
2016/05/25,3328,3321,3349,3287,171.88K,0.57%
2016/05/26,3327,3335,3377,3307,160.70K,-0.03%
2016/05/27,3310,3310,3320,3273,149.64K,-0.51%
2016/05/30,3386,3329,3442,3310,83.54K,2.30%
2016/05/31,3333,3358,3371,3317,122.60K,-1.57%
2016/06/01,3308,3304,3320,3233,173.77K,-0.75%
2016/06/02,3314,3307,3331,3242,208.61K,0.18%
2016/06/03,3253,3312,3325,3242,180.81K,-1.84%
2016/06/06,3305,3280,3341,3280,142.12K,1.60%
2016/06/07,3345,3312,3364,3312,130.23K,1.21%
2016/06/08,3396,3362,3418,3360,178.24K,1.52%
2016/06/09,3373,3421,3439,3355,150.52K,-0.68%
2016/06/10,3298,3372,3372,3291,134.64K,-2.22%
2016/06/13,3275,3290,3308,3235,153.67K,-0.70%
2016/06/14,3257,3251,3274,3234,117.57K,-0.55%
2016/06/15,3238,3237,3269,3198,187.47K,-0.58%
2016/06/16,3133,3212,3212,3115,173.17K,-3.24%
2016/06/17,3190,3133,3200,3126,154.10K,1.82%
2016/06/20,3313,3220,3328,3220,123.59K,3.86%
2016/06/21,3353,3375,3375,3323,156.12K,1.21%
2016/06/22,3294,3370,3425,3280,198.32K,-1.76%
2016/06/23,3355,3301,3375,3301,157.06K,1.85%
2016/06/24,3266,3360,3360,3206,262.86K,-2.65%
2016/06/27,3136,3240,3265,3130,205.22K,-3.98%
2016/06/28,3226,3146,3256,3146,208.46K,2.87%
2016/06/29,3336,3240,3349,3240,170.57K,3.41%
2016/06/30,3304,3337,3355,3283,166.88K,-0.96%
2016/07/01,3271,3301,3301,3233,158.52K,-1.00%
2016/07/04,3277,3278,3322,3263,97.92K,0.18%
2016/07/05,3145,3255,3262,3134,154.12K,-4.03%
2016/07/06,3197,3120,3210,3103,129.85K,1.65%
2016/07/07,3063,3210,3257,3037,229.35K,-4.19%
2016/07/08,3059,3076,3097,3015,176.54K,-0.13%
2016/07/11,3019,3039,3074,2997,162.10K,-1.31%
2016/07/12,3142,3012,3147,3007,191.14K,4.07%
2016/07/13,3007,3120,3138,3000,202.89K,-4.30%
2016/07/14,3046,3019,3063,3010,187.35K,1.30%
2016/07/15,3081,3042,3104,3026,167.39K,1.15%
2016/07/18,3041,3099,3099,3012,126.49K,-1.30%
2016/07/19,3005,3027,3067,2999,107.76K,-1.18%
2016/07/20,3101,3085,3117,3017,194.15K,3.19%
2016/07/21,3038,3092,3114,3025,150.81K,-2.03%
2016/07/22,2961,3026,3034,2956,163.76K,-2.53%
2016/07/25,2927,2972,2994,2917,130.45K,-1.15%
2016/07/26,2903,2928,2933,2873,171.25K,-0.82%
2016/07/27,2831,2916,2918,2821,197.86K,-2.48%
2016/07/28,2772,2841,2845,2764,170.74K,-2.08%
2016/07/29,2782,2770,2793,2730,185.19K,0.36%
2016/08/01,2681,2794,2809,2672,177.79K,-3.63%
2016/08/02,2640,2690,2736,2631,219.25K,-1.53%
2016/08/03,2740,2655,2753,2638,261.99K,3.79%
2016/08/04,2810,2749,2819,2718,209.38K,2.55%
2016/08/05,2786,2805,2820,2755,176.05K,-0.85%
2016/08/08,2891,2795,2907,2795,162.76K,3.77%
2016/08/09,2862,2876,2914,2848,208.36K,-1.00%
2016/08/10,2812,2860,2897,2798,234.99K,-1.75%
2016/08/11,2912,2806,2937,2754,255.47K,3.56%
2016/08/12,2971,2930,2984,2896,258.29K,2.03%
2016/08/16,3104,3000,3114,2998,206.24K,4.48%
2016/08/17,3114,3112,3130,3064,239.33K,0.32%
2016/08/18,3222,3125,3228,3118,159.53K,3.47%
2016/08/19,3230,3231,3261,3206,119.38K,0.25%
2016/08/22,3212,3295,3295,3203,166.72K,-0.56%
2016/08/23,3239,3201,3255,3138,227.54K,0.84%
2016/08/24,3148,3218,3218,3132,206.64K,-2.81%
2016/08/25,3158,3142,3179,3124,161.83K,0.32%
2016/08/26,3194,3168,3248,3156,198.33K,1.14%
2016/08/29,3173,3190,3190,3143,118.36K,-0.66%
2016/08/30,3125,3184,3193,3114,157.58K,-1.51%
2016/08/31,3003,3129,3129,2996,201.12K,-3.90%
2016/09/01,2909,3004,3027,2904,191.04K,-3.13%
2016/09/02,2975,2927,2978,2894,234.05K,2.27%
2016/09/05,2981,2984,3065,2913,103.50K,0.20%
2016/09/06,2964,2990,3030,2925,189.28K,-0.57%
2016/09/07,3020,2981,3032,2962,217.22K,1.89%
2016/09/08,3164,3022,3173,3022,229.73K,4.77%
2016/09/09,3080,3150,3150,3073,158.23K,-2.65%
2016/09/12,3088,3070,3110,2998,243.98K,0.26%
2016/09/13,3033,3085,3085,3007,133.21K,-1.78%
2016/09/14,2938,3033,3038,2926,232.64K,-3.13%
2016/09/15,2948,2940,2967,2900,195.08K,0.34%
2016/09/16,2885,2925,2925,2873,163.53K,-2.14%
2016/09/19,2898,2899,2953,2890,126.15K,0.45%
2016/09/20,2956,2950,2991,2907,207.71K,2.00%
2016/09/21,3046,2965,3063,2965,215.18K,3.04%
2016/09/22,3101,3070,3111,3062,169.98K,1.81%
2016/09/23,2978,3090,3114,2967,315.99K,-3.97%
2016/09/26,3083,2996,3089,2978,232.36K,3.53%
2016/09/27,2975,3062,3067,2953,232.68K,-3.50%
2016/09/28,3061,2980,3070,2963,350.78K,2.89%
2016/09/29,3204,3071,3233,3071,223.63K,4.67%
2016/09/30,3212,3190,3223,3146,167.46K,0.25%
2016/10/03,3246,3202,3313,3191,194.87K,1.06%
2016/10/04,3265,3239,3274,3219,165.36K,0.59%
2016/10/05,3321,3270,3330,3270,161.50K,1.72%
2016/10/06,3368,3307,3377,3291,152.07K,1.42%
2016/10/07,3323,3361,3391,3296,167.99K,-1.34%
2016/10/10,3417,3292,3434,3279,168.43K,2.83%
2016/10/11,3386,3400,3440,3369,106.19K,-0.91%
2016/10/12,3351,3400,3416,3336,92.02K,-1.03%
2016/10/13,3365,3331,3385,3303,177.08K,0.42%
2016/10/14,3339,3386,3415,3328,139.77K,-0.77%
2016/10/17,3323,3356,3379,3306,137.78K,-0.48%
2016/10/18,3340,3348,3374,3321,140.76K,0.51%
2016/10/19,3449,3358,3464,3358,122.07K,3.26%
2016/10/20,3399,3463,3463,3385,125.42K,-1.45%
2016/10/21,3402,3390,3424,3373,168.83K,0.09%
2016/10/24,3355,3393,3416,3332,143.51K,-1.38%
2016/10/25,3354,3360,3414,3336,149.38K,-0.03%
2016/10/26,3297,3345,3355,3278,204.07K,-1.70%
2016/10/27,3344,3300,3358,3288,164.88K,1.43%
2016/10/28,3283,3339,3339,3258,137.93K,-1.82%
2016/10/30,3262,3257,3272,3257,6.35K,-0.64%
2016/10/31,3153,3256,3256,3142,91.74K,-3.34%
2016/11/01,3105,3140,3167,3096,174.44K,-1.52%
2016/11/02,3025,3100,3109,3008,172.33K,-2.58%
2016/11/03,2976,3039,3070,2968,146.68K,-1.62%
2016/11/04,2940,2993,3000,2917,213.76K,-1.21%
2016/11/07,2967,2952,3009,2952,151.59K,0.92%
2016/11/08,3009,2986,3023,2962,171.92K,1.42%
2016/11/09,3043,3000,3058,2895,201.77K,1.13%
2016/11/10,3011,3025,3040,2978,148.81K,-1.05%
2016/11/11,2953,2992,3003,2922,107.05K,-1.93%
2016/11/14,2911,2925,2940,2879,79.37K,-1.42%
2016/11/15,3083,2945,3085,2945,137.03K,5.91%
2016/11/16,3122,3084,3155,3070,173.66K,1.27%
2016/11/17,3109,3095,3160,3078,145.87K,-0.42%
2016/11/18,3079,3088,3117,3039,135.30K,-0.96%
2016/11/21,3315,3162,3321,3162,143.98K,7.66%
2016/11/22,3258,3316,3359,3239,216.35K,-1.72%
2016/11/23,3318,3286,3341,3275,188.15K,1.84%
2016/11/24,3303,3311,3321,3283,74.17K,-0.45%
2016/11/25,3198,3272,3274,3177,124.43K,-3.18%
2016/11/28,3253,3190,3277,3132,200.63K,1.72%
2016/11/29,3113,3255,3255,3093,180.98K,-4.30%
2016/11/30,3377,3135,3388,3128,344.02K,8.48%
2016/12/01,3527,3393,3542,3361,180.82K,4.44%
2016/12/02,3500,3498,3512,3435,128.54K,-0.77%
2016/12/05,3536,3488,3579,3485,102.28K,1.03%
2016/12/06,3440,3530,3530,3411,108.50K,-2.71%
2016/12/07,3395,3433,3482,3370,132.92K,-1.31%
2016/12/08,3427,3390,3434,3351,117.94K,0.94%
2016/12/09,3474,3440,3490,3438,84.73K,1.37%
2016/12/12,3588,3500,3644,3500,71.20K,3.28%
2016/12/13,3590,3570,3609,3538,96.45K,0.06%
2016/12/14,3497,3575,3575,3492,109.86K,-2.59%
2016/12/15,3487,3491,3497,3391,111.97K,-0.29%
2016/12/16,3510,3482,3528,3427,114.13K,0.66%
2016/12/19,3532,3532,3554,3489,79.44K,0.63%
2016/12/20,3641,3603,3672,3599,90.17K,3.09%
2016/12/21,3577,3643,3663,3562,99.03K,-1.76%
2016/12/22,3607,3580,3623,3552,92.50K,0.84%
2016/12/23,3596,3605,3610,3555,80.82K,-0.30%
2016/12/26,3602,3620,3626,3588,15.65K,0.17%
2016/12/27,3676,3614,3682,3614,70.57K,2.05%
2016/12/28,3706,3673,3712,3663,89.23K,0.82%
2016/12/29,3665,3690,3696,3649,88.12K,-1.11%
2016/12/30,3650,3674,3681,3638,56.91K,-0.41%
2017/01/02,3685,3666,3698,3663,11.77K,0.96%
2017/01/03,3590,3685,3780,3552,144.49K,-2.58%
2017/01/04,3621,3599,3628,3557,113.75K,0.86%
2017/01/05,3636,3616,3672,3584,129.67K,0.41%
2017/01/06,3682,3653,3700,3635,123.12K,1.27%
2017/01/09,3574,3665,3674,3564,110.75K,-2.93%
2017/01/10,3513,3560,3575,3500,127.34K,-1.71%
2017/01/11,3589,3500,3597,3478,162.27K,2.16%
2017/01/12,3613,3565,3644,3550,123.01K,0.67%
2017/01/13,3586,3613,3629,3566,106.21K,-0.75%
2017/01/16,3579,3596,3596,3552,70.10K,-0.20%
2017/01/17,3595,3581,3636,3557,121.14K,0.45%
2017/01/18,3500,3577,3590,3483,135.25K,-2.64%
2017/01/19,3492,3512,3544,3480,99.01K,-0.23%
2017/01/20,3638,3570,3664,3564,110.74K,4.18%
2017/01/23,3616,3625,3636,3575,100.02K,-0.60%
2017/01/24,3644,3621,3658,3602,103.36K,0.77%
2017/01/25,3629,3631,3648,3588,125.06K,-0.41%
2017/01/27,3608,3645,3696,3592,122.23K,-0.58%
2017/01/30,3581,3619,3641,3565,116.28K,-0.75%
2017/01/31,3614,3563,3622,3553,109.43K,0.92%
2017/02/01,3585,3608,3628,3568,128.12K,-0.80%
2017/02/02,3614,3605,3663,3592,137.91K,0.81%
2017/02/03,3614,3632,3645,3590,113.92K,0.00%
2017/02/06,3579,3635,3640,3576,105.61K,-0.97%
2017/02/07,3500,3586,3586,3495,111.98K,-2.21%
2017/02/08,3514,3488,3532,3456,150.33K,0.40%
2017/02/09,3544,3523,3554,3520,109.06K,0.85%
2017/02/10,3609,3545,3620,3541,109.51K,1.83%
2017/02/13,3545,3610,3610,3537,101.67K,-1.77%
2017/02/14,3565,3552,3590,3541,104.86K,0.56%
2017/02/15,3551,3565,3580,3530,113.77K,-0.39%
2017/02/16,3588,3550,3596,3533,107.93K,1.04%
2017/02/17,3565,3586,3586,3546,69.24K,-0.64%
2017/02/20,3623,3611,3642,3611,57.84K,1.63%
2017/02/21,3668,3626,3694,3626,109.32K,1.24%
2017/02/22,3601,3651,3662,3587,106.73K,-1.83%
2017/02/23,3633,3616,3670,3613,114.38K,0.89%
2017/02/24,3615,3620,3627,3591,62.63K,-0.50%
2017/02/27,3623,3620,3652,3620,91.60K,0.22%
2017/02/28,3566,3629,3629,3559,109.04K,-1.57%
2017/03/01,3604,3580,3647,3580,133.38K,1.07%
2017/03/02,3537,3591,3595,3530,131.98K,-1.86%
2017/03/03,3556,3530,3567,3520,99.66K,0.54%
2017/03/06,3550,3547,3574,3530,107.70K,-0.17%
2017/03/07,3558,3546,3588,3540,102.09K,0.23%
2017/03/08,3425,3550,3550,3416,169.18K,-3.74%
2017/03/09,3271,3421,3421,3252,233.80K,-4.50%
2017/03/10,3229,3297,3337,3220,168.21K,-1.28%
2017/03/13,3203,3206,3223,3186,67.91K,-0.81%
2017/03/14,3136,3224,3231,3107,171.63K,-2.09%
2017/03/15,3178,3150,3211,3150,149.60K,1.34%
2017/03/16,3192,3197,3245,3172,130.44K,0.44%
2017/03/17,3196,3200,3219,3182,108.60K,0.13%
2017/03/20,3161,3180,3190,3130,106.84K,-1.10%
2017/03/21,3168,3230,3243,3165,145.70K,0.22%
2017/03/22,3164,3166,3174,3104,175.15K,-0.13%
2017/03/23,3143,3177,3187,3130,130.46K,-0.66%
2017/03/24,3142,3145,3158,3123,95.10K,-0.03%
2017/03/27,3112,3151,3160,3076,134.13K,-0.95%
2017/03/28,3167,3128,3179,3124,123.98K,1.77%
2017/03/29,3211,3171,3221,3151,138.14K,1.39%
2017/03/30,3269,3222,3275,3212,128.85K,1.81%
2017/03/31,3284,3260,3288,3245,122.12K,0.46%
2017/04/03,3277,3276,3309,3268,110.58K,-0.21%
2017/04/04,3325,3290,3333,3289,92.71K,1.46%
2017/04/05,3332,3339,3374,3314,149.90K,0.21%
2017/04/06,3351,3327,3359,3308,114.07K,0.57%
2017/04/07,3359,3364,3399,3320,160.65K,0.24%
2017/04/10,3424,3375,3430,3365,120.13K,1.94%
2017/04/11,3448,3436,3456,3407,116.42K,0.70%
2017/04/12,3444,3456,3478,3432,108.50K,-0.12%
2017/04/13,3420,3436,3442,3410,84.62K,-0.70%
2017/04/17,3399,3420,3432,3393,87.72K,-0.61%
2017/04/18,3399,3400,3413,3368,124.03K,0.00%
2017/04/19,3288,3383,3403,3267,123.19K,-3.27%
2017/04/20,3301,3316,3331,3283,133.43K,0.40%
2017/04/21,3208,3299,3304,3195,146.25K,-2.82%
2017/04/24,3190,3220,3247,3176,129.01K,-0.56%
2017/04/25,3183,3191,3194,3154,137.67K,-0.22%
2017/04/26,3199,3182,3227,3151,158.08K,0.50%
2017/04/27,3147,3191,3191,3101,153.00K,-1.63%
2017/04/28,3174,3159,3210,3147,135.84K,0.86%
2017/05/01,3142,3168,3173,3132,59.70K,-1.01%
2017/05/02,3087,3138,3172,3057,143.75K,-1.75%
2017/05/03,3067,3103,3105,3045,162.20K,-0.65%
2017/05/04,2931,3079,3079,2924,200.16K,-4.43%
2017/05/05,2969,2917,3009,2839,292.74K,1.30%
2017/05/08,2980,2997,3015,2948,181.39K,0.37%
2017/05/09,2969,2999,3024,2952,158.83K,-0.37%
2017/05/10,3083,2986,3095,2980,157.02K,3.84%
2017/05/11,3089,3097,3112,3067,134.76K,0.19%
2017/05/12,3066,3082,3096,3045,101.82K,-0.74%
2017/05/15,3149,3085,3182,3085,131.40K,2.71%
2017/05/16,3123,3160,3164,3115,123.87K,-0.83%
2017/05/17,3156,3111,3174,3088,176.21K,1.06%
2017/05/18,3203,3151,3224,3118,154.90K,1.49%
2017/05/19,3265,3220,3282,3214,96.31K,1.94%
2017/05/22,3310,3299,3330,3290,101.74K,1.38%
2017/05/23,3341,3303,3346,3284,108.03K,0.94%
2017/05/24,3329,3351,3370,3317,134.32K,-0.36%
2017/05/25,3178,3350,3365,3166,261.10K,-4.54%
2017/05/26,3213,3149,3220,3119,180.45K,1.10%
2017/05/29,3259,3207,3270,3198,83.84K,1.43%
2017/05/30,3203,3245,3245,3175,129.13K,-1.72%
2017/05/31,3127,3196,3196,3090,172.82K,-2.37%
2017/06/01,3159,3135,3175,3114,184.74K,1.02%
2017/06/02,3081,3130,3130,3021,221.28K,-2.47%
2017/06/05,3052,3103,3119,3022,167.89K,-0.94%
2017/06/06,3090,3042,3098,3036,177.76K,1.25%
2017/06/07,2966,3100,3111,2954,192.46K,-4.01%
2017/06/08,2945,2972,2977,2911,171.14K,-0.71%
2017/06/09,2959,2935,2974,2910,135.36K,0.48%
2017/06/12,2988,2972,3015,2945,136.24K,0.98%
2017/06/13,2985,2988,2996,2938,132.21K,-0.10%
2017/06/14,2873,2970,2983,2863,223.64K,-3.75%
2017/06/15,2877,2889,2894,2858,113.69K,0.14%
2017/06/16,2879,2877,2899,2871,85.74K,0.07%
2017/06/19,2861,2880,2900,2855,92.01K,-0.63%
2017/06/20,2813,2882,2892,2791,155.84K,-1.68%
2017/06/21,2741,2819,2866,2732,221.65K,-2.56%
2017/06/22,2776,2756,2813,2738,141.42K,1.28%
2017/06/23,2777,2777,2797,2755,121.78K,0.04%
2017/06/26,2801,2792,2812,2757,72.01K,0.86%
2017/06/27,2860,2807,2877,2807,123.43K,2.11%
2017/06/28,2892,2852,2905,2839,154.73K,1.12%
2017/06/29,2918,2904,2946,2904,127.79K,0.90%
2017/06/30,2968,2924,2972,2924,109.15K,1.71%
2017/07/03,3043,2974,3047,2974,122.35K,2.53%
2017/07/04,3068,3039,3075,3036,94.97K,0.82%
2017/07/05,2938,3065,3067,2931,191.01K,-4.24%
2017/07/06,2947,2953,3019,2932,179.84K,0.31%
2017/07/07,2863,2933,2933,2835,207.78K,-2.85%
2017/07/10,2876,2882,2893,2822,172.99K,0.45%
2017/07/11,2912,2878,2926,2836,207.60K,1.25%
2017/07/12,2949,2929,3000,2910,219.18K,1.27%
2017/07/13,2964,2952,2985,2903,192.17K,0.51%
2017/07/14,2990,2964,3010,2953,192.28K,0.88%
2017/07/17,2968,3005,3020,2964,159.17K,-0.74%
2017/07/18,2973,2970,3017,2949,164.48K,0.17%
2017/07/19,3028,2982,3039,2968,137.98K,1.85%
2017/07/20,3037,3053,3084,3032,144.70K,0.30%
2017/07/21,2965,3037,3047,2957,157.90K,-2.37%
2017/07/24,2997,2965,3003,2936,167.60K,1.08%
2017/07/25,3090,3004,3098,3001,150.21K,3.10%
2017/07/26,3132,3105,3153,3090,165.63K,1.36%
2017/07/27,3161,3131,3166,3106,164.55K,0.93%
2017/07/28,3192,3155,3200,3144,113.88K,0.98%
2017/07/31,3183,3200,3214,3165,127.71K,-0.28%
2017/08/01,3135,3221,3234,3107,185.95K,-1.51%
2017/08/02,3147,3116,3158,3101,187.68K,0.38%
2017/08/03,3143,3148,3189,3132,160.67K,-0.13%
2017/08/04,3149,3130,3165,3094,170.51K,0.19%
2017/08/07,3144,3130,3159,3105,158.54K,-0.16%
2017/08/08,3139,3129,3179,3116,163.23K,-0.16%
2017/08/09,3157,3133,3176,3123,164.19K,0.57%
2017/08/10,3128,3168,3223,3120,211.44K,-0.92%
2017/08/11,3127,3111,3132,3082,158.57K,-0.03%
2017/08/14,3070,3128,3149,3064,162.75K,-1.82%
2017/08/16,3008,3070,3085,3003,151.46K,-2.02%
2017/08/17,3021,3029,3029,2981,120.30K,0.43%
2017/08/18,3104,3015,3111,3002,151.91K,2.75%
2017/08/21,3038,3104,3121,3013,123.40K,-2.13%
2017/08/22,3072,3072,3102,3047,163.49K,1.12%
2017/08/23,3107,3073,3116,3058,134.28K,1.14%
2017/08/24,3041,3106,3111,3024,147.48K,-2.12%
2017/08/25,3058,3060,3073,3041,76.58K,0.56%
2017/08/28,2970,3059,3059,2951,155.66K,-2.88%
2017/08/29,2962,2990,3013,2935,175.91K,-0.27%
2017/08/30,2957,2958,2998,2943,143.64K,-0.17%
2017/08/31,3038,2956,3047,2943,164.93K,2.74%
2017/09/01,3021,3018,3029,2984,147.76K,-0.56%
2017/09/04,3049,3010,3058,3010,81.47K,0.93%
2017/09/05,3122,3045,3142,3043,148.65K,2.39%
2017/09/06,3155,3120,3174,3120,134.46K,1.06%
2017/09/07,3143,3157,3161,3116,155.80K,-0.38%
2017/09/08,3045,3149,3150,3034,130.05K,-3.12%
2017/09/11,3073,3060,3089,3010,152.20K,0.92%
2017/09/12,3092,3077,3105,3059,152.01K,0.62%
2017/09/13,3162,3089,3169,3082,157.68K,2.26%
2017/09/14,3215,3160,3243,3150,136.31K,1.68%
2017/09/15,3191,3200,3214,3167,129.06K,-0.75%
2017/09/18,3208,3209,3226,3158,155.49K,0.53%
2017/09/19,3171,3206,3235,3166,115.79K,-1.15%
2017/09/20,3286,3235,3298,3218,151.95K,3.63%
2017/09/21,3295,3282,3312,3255,138.94K,0.27%
2017/09/22,3287,3298,3308,3273,106.95K,-0.24%
2017/09/25,3406,3284,3412,3280,129.66K,3.62%
2017/09/26,3402,3424,3435,3373,143.67K,-0.12%
2017/09/27,3416,3414,3451,3398,143.62K,0.41%
2017/09/28,3373,3424,3472,3360,173.55K,-1.26%
2017/09/29,3373,3400,3400,3356,146.28K,0.00%
2017/10/03,3311,3354,3354,3295,131.03K,-1.84%
2017/10/04,3266,3287,3304,3248,139.22K,-1.36%
2017/10/05,3313,3260,3340,3255,136.37K,1.44%
2017/10/06,3240,3311,3323,3223,147.31K,-2.20%
2017/10/09,3256,3240,3260,3218,107.63K,0.49%
2017/10/10,3331,3249,3335,3244,131.61K,2.30%
2017/10/11,3347,3338,3360,3304,129.71K,0.48%
2017/10/12,3296,3330,3330,3264,153.48K,-1.52%
2017/10/13,3310,3313,3358,3300,140.21K,0.42%
2017/10/16,3363,3325,3389,3325,115.40K,1.60%
2017/10/17,3353,3357,3393,3328,126.40K,-0.30%
2017/10/18,3385,3365,3406,3364,86.88K,0.95%
2017/10/19,3359,3380,3380,3344,16.30K,-0.77%
2017/10/20,3372,3345,3379,3322,65.46K,0.39%
2017/10/23,3383,3393,3408,3372,113.12K,0.33%
2017/10/24,3431,3385,3435,3361,149.50K,1.42%
2017/10/25,3384,3427,3427,3376,130.42K,-1.37%
2017/10/26,3428,3378,3437,3372,96.42K,1.30%
2017/10/27,3501,3426,3514,3411,122.08K,2.13%
2017/10/30,3513,3510,3540,3490,116.31K,0.34%
2017/10/31,3528,3512,3535,3498,97.14K,0.43%
2017/11/01,3500,3536,3572,3482,134.80K,-0.79%
2017/11/02,3520,3499,3528,3495,95.02K,0.57%
2017/11/03,3579,3540,3589,3522,110.23K,1.68%
2017/11/06,3691,3600,3705,3600,136.97K,3.13%
2017/11/07,3734,3711,3749,3704,136.05K,1.16%
2017/11/08,3695,3717,3765,3666,163.61K,-1.04%
2017/11/09,3738,3691,3746,3685,119.95K,1.16%
2017/11/10,3712,3714,3758,3699,95.41K,-0.70%
2017/11/13,3720,3707,3742,3689,108.42K,0.22%
2017/11/14,3639,3710,3714,3613,126.70K,-2.18%
2017/11/15,3621,3611,3635,3587,111.00K,-0.49%
2017/11/16,3600,3621,3628,3582,101.80K,-0.58%
2017/11/17,3661,3582,3669,3579,106.45K,1.69%
2017/11/20,3663,3694,3708,3636,104.46K,0.05%
2017/11/21,3678,3679,3717,3665,112.80K,0.41%
2017/11/22,3747,3691,3772,3691,133.68K,1.88%
2017/11/23,3798,3755,3815,3740,90.00K,1.36%
2017/11/24,3807,3789,3814,3781,85.55K,0.24%
2017/11/27,3757,3810,3810,3715,112.51K,-1.31%
2017/11/28,3738,3752,3752,3701,106.33K,-0.51%
2017/11/29,3678,3715,3757,3660,149.87K,-1.61%
2017/11/30,3687,3684,3747,3670,164.02K,0.24%
2017/12/01,3762,3712,3802,3712,135.45K,2.03%
2017/12/04,3714,3750,3750,3706,98.93K,-1.28%
2017/12/05,3724,3712,3733,3681,106.07K,0.27%
2017/12/06,3637,3709,3713,3626,120.58K,-2.34%
2017/12/07,3657,3625,3660,3604,97.87K,0.55%
2017/12/08,3692,3658,3724,3646,129.36K,0.96%
2017/12/11,3720,3677,3738,3661,125.03K,0.76%
2017/12/12,3692,3724,3778,3682,146.23K,-0.75%
2017/12/13,3656,3700,3724,3643,135.48K,-0.98%
2017/12/14,3651,3651,3659,3601,136.39K,-0.14%
2017/12/15,3669,3660,3684,3648,107.95K,0.49%
2017/12/18,3648,3681,3712,3642,91.51K,-0.57%
2017/12/19,3698,3686,3702,3668,95.85K,1.37%
2017/12/20,3716,3704,3722,3682,92.74K,0.49%
2017/12/21,3732,3722,3740,3693,110.33K,0.43%
2017/12/22,3737,3734,3745,3710,77.75K,0.13%
2017/12/26,3833,3741,3838,3738,110.48K,2.57%
2017/12/27,3818,3823,3844,3807,94.69K,-0.39%
2017/12/28,3820,3822,3842,3801,72.86K,0.05%
2017/12/29,3850,3832,3863,3826,85.95K,0.79%
2018/01/01,3829,3858,3858,3782,15.27K,-0.55%
2018/01/02,3824,3866,3866,3817,100.30K,-0.13%
2018/01/03,3903,3834,3909,3827,114.98K,2.07%
2018/01/04,3921,3910,3950,3903,110.54K,0.46%
2018/01/05,3887,3922,3929,3866,102.58K,-0.87%
2018/01/08,3906,3900,3933,3892,93.95K,0.49%
2018/01/09,4003,3927,4010,3927,122.91K,2.48%
2018/01/10,4036,4016,4059,4016,114.86K,0.82%
2018/01/11,4100,4040,4123,4040,123.58K,1.59%
2018/01/12,4065,4083,4083,4007,116.56K,-0.85%
2018/01/15,4116,4088,4122,4066,81.59K,1.25%
2018/01/16,4086,4107,4128,4060,111.37K,-0.73%
2018/01/17,4085,4074,4097,4043,94.66K,-0.02%
2018/01/18,4088,4100,4107,4052,110.14K,0.07%
2018/01/19,4037,4080,4080,4011,94.96K,-1.25%
2018/01/22,4045,4063,4098,4033,107.78K,0.20%
2018/01/23,4110,4075,4132,4069,114.92K,1.61%
2018/01/24,4136,4107,4163,4100,126.96K,0.63%
2018/01/25,4190,4158,4229,4158,121.59K,1.31%
2018/01/29,4177,4210,4271,4142,109.77K,-0.31%
2018/01/30,4106,4149,4153,4092,119.80K,-1.70%
2018/01/31,4112,4090,4122,4063,137.03K,0.15%
2018/02/01,4195,4120,4212,4120,141.14K,2.02%
2018/02/02,4186,4200,4248,4141,141.62K,-0.21%
2018/02/05,4103,4166,4197,4086,150.25K,-1.98%
2018/02/06,4099,4094,4140,4065,161.06K,-0.10%
2018/02/07,3959,4109,4109,3948,214.45K,-3.42%
2018/02/08,3931,3968,3989,3909,168.39K,-0.71%
2018/02/09,3807,3920,3920,3795,150.41K,-3.15%
2018/02/12,3842,3817,3912,3817,149.45K,0.92%
2018/02/13,3813,3833,3833,3753,107.11K,-0.75%
2018/02/14,3823,3800,3850,3737,181.74K,0.26%
2018/02/15,3911,3850,3933,3818,169.22K,2.30%
2018/02/16,3941,3937,3972,3892,114.54K,0.77%
2018/02/19,4037,3995,4048,3995,80.16K,2.44%
2018/02/20,4034,4020,4060,4001,142.76K,-0.07%
2018/02/21,3999,4019,4019,3961,126.55K,-0.87%
2018/02/22,4086,3995,4105,3974,163.24K,2.18%
2018/02/23,4125,4109,4141,4044,119.70K,0.95%
2018/02/26,4155,4130,4172,4093,128.37K,0.73%
2018/02/27,4122,4149,4160,4093,140.69K,-0.79%
2018/02/28,4093,4105,4149,4032,193.28K,-0.70%
2018/03/01,3983,4065,4065,3944,193.47K,-2.69%
2018/03/02,3995,3981,4003,3933,109.71K,0.30%
2018/03/05,4075,4006,4088,3990,157.03K,2.00%
2018/03/06,4063,4080,4110,4041,152.20K,-0.29%
2018/03/07,3960,4058,4070,3942,212.63K,-2.54%
2018/03/08,3943,3975,3998,3920,148.94K,-0.43%
2018/03/09,4017,3934,4041,3921,144.13K,1.88%
2018/03/12,3977,4036,4039,3945,137.29K,-1.00%
2018/03/13,3919,3979,4014,3906,191.14K,-1.46%
2018/03/14,3948,3935,3975,3902,212.12K,0.74%
2018/03/15,3984,3960,3998,3944,144.37K,0.91%
2018/03/16,4050,3982,4057,3968,130.80K,1.66%
2018/03/19,4039,4033,4053,3992,101.56K,-0.27%
2018/03/20,4159,4079,4185,4073,170.09K,2.97%
2018/03/21,4251,4164,4259,4155,162.71K,2.21%
2018/03/22,4201,4245,4259,4194,139.07K,-1.18%
2018/03/23,4266,4220,4274,4195,153.81K,1.55%
2018/03/26,4247,4270,4279,4222,133.90K,-0.45%
2018/03/27,4232,4261,4305,4226,148.94K,-0.35%
2018/03/28,4185,4223,4238,4155,174.96K,-1.11%
2018/03/29,4234,4183,4245,4177,86.11K,1.17%
2018/04/02,4112,4246,4255,4104,152.80K,-2.88%
2018/04/03,4127,4103,4144,4098,122.19K,0.36%
2018/04/04,4111,4119,4128,4043,192.61K,-0.39%
2018/04/05,4115,4128,4162,4098,150.18K,0.10%
2018/04/06,4029,4101,4130,4015,170.14K,-2.09%
2018/04/09,4116,4041,4128,4034,133.31K,2.16%
2018/04/10,4248,4133,4254,4133,147.93K,3.21%
2018/04/11,4354,4255,4396,4243,200.34K,2.50%
2018/04/12,4362,4354,4394,4308,149.95K,0.18%
2018/04/13,4401,4364,4419,4349,141.17K,0.89%
2018/04/16,4351,4385,4385,4326,111.55K,-1.14%
2018/04/17,4348,4351,4378,4303,114.01K,-0.07%
2018/04/18,4470,4365,4493,4365,121.96K,2.81%
2018/04/19,4495,4490,4578,4483,102.74K,0.56%
2018/04/20,4531,4529,4546,4486,116.10K,0.80%
2018/04/23,4565,4543,4582,4468,126.20K,0.75%
2018/04/24,4530,4579,4617,4511,141.82K,-0.77%
2018/04/25,4563,4524,4575,4507,146.26K,0.73%
2018/04/26,4558,4576,4596,4534,128.88K,-0.11%
2018/04/27,4547,4538,4563,4520,97.59K,-0.24%
2018/04/30,4583,4516,4610,4472,161.28K,0.79%
2018/05/01,4487,4566,4566,4472,83.95K,-2.09%
2018/05/02,4512,4510,4530,4475,143.78K,0.56%
2018/05/03,4571,4516,4578,4492,132.65K,1.31%
2018/05/04,4668,4564,4678,4560,140.19K,2.12%
2018/05/07,4749,4680,4765,4680,104.63K,1.74%
2018/05/08,4623,4732,4732,4560,195.02K,-2.65%
2018/05/09,4799,4655,4821,4655,134.56K,3.81%
2018/05/10,4757,4825,4842,4743,116.67K,-0.88%
2018/05/11,4793,4786,4824,4766,97.43K,0.76%
2018/05/14,4794,4790,4815,4732,91.75K,0.02%
2018/05/15,4850,4796,4889,4782,146.92K,1.17%
2018/05/16,4820,4845,4845,4792,112.84K,-0.62%
2018/05/17,4832,4840,4899,4822,116.21K,0.25%
2018/05/18,4855,4852,4880,4827,86.88K,0.48%
2018/05/21,4919,4889,4927,4852,85.77K,1.32%
2018/05/22,4929,4948,4977,4914,101.84K,0.20%
2018/05/23,4913,4919,4947,4885,108.53K,-0.32%
2018/05/24,4859,4905,4915,4832,104.89K,-1.10%
2018/05/25,4597,4831,4834,4581,147.81K,-5.39%
2018/05/28,4508,4580,4580,4465,98.65K,-1.94%
2018/05/29,4527,4527,4577,4485,129.29K,0.42%
2018/05/30,4614,4500,4628,4482,112.91K,1.92%
2018/05/31,4517,4609,4613,4500,131.57K,-2.10%
2018/06/01,4428,4507,4532,4417,120.72K,-1.97%
2018/06/04,4351,4409,4435,4340,116.37K,-1.74%
2018/06/05,4392,4369,4399,4316,123.47K,0.94%
2018/06/06,4342,4402,4426,4305,137.59K,-1.14%
2018/06/07,4443,4360,4453,4350,104.09K,2.33%
2018/06/08,4445,4452,4479,4407,99.21K,0.05%
2018/06/11,4472,4425,4478,4375,108.08K,0.61%
2018/06/12,4478,4475,4523,4444,103.30K,0.13%
2018/06/13,4506,4469,4518,4454,109.04K,0.63%
2018/06/14,4517,4502,4540,4487,94.22K,0.24%
2018/06/15,4435,4545,4575,4373,120.13K,-1.82%
2018/06/18,4481,4401,4489,4334,116.38K,1.04%
2018/06/19,4419,4486,4486,4389,94.31K,-1.38%
2018/06/20,4486,4445,4529,4430,161.96K,1.52%
2018/06/21,4496,4479,4504,4385,140.18K,0.22%
2018/06/22,4672,4506,4680,4488,179.27K,3.91%
2018/06/25,4658,4656,4735,4636,130.94K,-0.30%
2018/06/26,4815,4667,4837,4627,170.43K,3.37%
2018/06/27,5028,4844,5046,4844,149.30K,4.42%
2018/06/28,5075,5020,5109,4981,140.32K,0.93%
2018/06/29,5086,5045,5105,5010,102.69K,0.22%
2018/07/02,5109,5036,5118,5019,128.16K,0.45%
2018/07/03,5080,5131,5173,4995,160.91K,-0.57%
2018/07/04,5126,5118,5140,5047,96.86K,0.91%
2018/07/05,5039,5093,5158,5026,132.73K,-1.70%
2018/07/06,5075,5012,5089,4971,126.56K,0.71%
2018/07/09,5049,5090,5098,5014,118.24K,-0.51%
2018/07/10,5071,5079,5132,5060,118.06K,0.44%
2018/07/11,4900,5055,5084,4878,140.77K,-3.37%
2018/07/12,4780,4875,4894,4737,161.00K,-2.45%
2018/07/13,4884,4803,4907,4783,105.54K,2.18%
2018/07/16,4642,4858,4858,4631,109.07K,-4.95%
2018/07/17,4669,4654,4682,4585,132.44K,0.58%
2018/07/18,4699,4629,4705,4592,106.17K,0.64%
2018/07/19,4799,4720,4830,4666,102.52K,2.13%
2018/07/20,4707,4719,4756,4666,105.18K,-1.92%
2018/07/23,4690,4695,4790,4673,119.10K,-0.36%
2018/07/24,4745,4678,4778,4667,121.36K,1.17%
2018/07/25,4778,4747,4798,4701,133.15K,0.70%
2018/07/26,4800,4780,4812,4741,101.19K,0.46%
2018/07/27,4714,4795,4796,4695,104.75K,-1.79%
2018/07/30,4824,4709,4842,4709,103.49K,2.33%
2018/07/31,4734,4815,4815,4701,107.63K,-1.87%
2018/08/01,4629,4710,4710,4610,119.79K,-2.22%
2018/08/02,4744,4642,4764,4592,126.48K,2.48%
2018/08/03,4686,4710,4764,4653,118.25K,-1.22%
2018/08/06,4767,4717,4812,4713,115.45K,1.73%
2018/08/07,4762,4758,4798,4737,103.77K,-0.10%
2018/08/08,4570,4767,4767,4556,151.64K,-4.03%
2018/08/09,4602,4585,4635,4566,106.99K,0.70%
2018/08/10,4674,4608,4679,4564,102.46K,1.56%
2018/08/13,4643,4680,4737,4612,129.74K,-0.66%
2018/08/14,4712,4670,4783,4670,141.72K,1.49%
2018/08/16,4583,4670,4670,4525,105.42K,-2.74%
2018/08/17,4598,4581,4657,4577,95.02K,0.33%
2018/08/20,4633,4571,4640,4571,90.02K,0.76%
2018/08/21,4617,4580,4664,4571,100.21K,-0.35%
2018/08/22,4763,4633,4773,4633,102.91K,3.16%
2018/08/23,4774,4762,4788,4734,97.98K,0.23%
2018/08/24,4804,4790,4857,4779,93.84K,0.63%
2018/08/27,4826,4818,4838,4797,85.93K,0.46%
2018/08/28,4809,4831,4867,4796,104.37K,-0.35%
2018/08/29,4926,4833,4935,4827,125.35K,2.43%
2018/08/30,4999,4938,5013,4930,97.46K,1.48%
2018/08/31,4959,5009,5009,4945,97.54K,-0.80%
2018/09/03,5012,4941,5018,4928,84.52K,1.07%
2018/09/04,5012,5011,5114,4988,159.16K,0.00%
2018/09/05,4934,4972,4989,4924,133.55K,-1.56%
2018/09/06,4884,4948,4972,4828,146.04K,-1.01%
2018/09/07,4883,4898,4898,4808,123.01K,-0.02%
2018/09/10,4916,4922,4970,4894,125.84K,0.68%
2018/09/11,5044,4905,5054,4891,138.25K,2.60%
2018/09/12,5085,5050,5140,5020,155.09K,0.81%
2018/09/13,4918,5072,5072,4903,91.14K,-3.28%
2018/09/14,4950,4930,5025,4888,143.40K,0.65%
2018/09/17,4995,4987,5049,4965,122.28K,0.91%
2018/09/18,5055,4983,5118,4962,144.67K,1.20%
2018/09/19,5152,5066,5163,5063,123.55K,1.92%
2018/09/20,5063,5084,5136,5054,96.31K,-1.73%
2018/09/21,5146,5073,5195,5055,173.76K,1.64%
2018/09/24,5273,5150,5307,5150,134.43K,2.47%
2018/09/25,5271,5284,5305,5242,109.88K,-0.04%
2018/09/26,5212,5258,5274,5198,101.10K,-1.12%
2018/09/27,5239,5250,5283,5212,107.06K,0.52%
2018/09/28,5335,5251,5356,5221,116.31K,1.83%
2018/10/01,5501,5344,5512,5325,124.25K,3.11%
2018/10/03,5646,5537,5669,5457,145.11K,2.64%
2018/10/04,5487,5631,5644,5465,124.49K,-2.82%
2018/10/05,5546,5495,5591,5469,141.30K,1.08%
2018/10/08,5494,5473,5513,5423,97.44K,-0.94%
2018/10/09,5574,5527,5595,5488,113.76K,1.46%
2018/10/10,5454,5545,5576,5414,131.01K,-2.15%
2018/10/11,5255,5401,5401,5250,146.58K,-3.65%
2018/10/12,5243,5268,5318,5211,125.51K,-0.23%
2018/10/15,5273,5290,5334,5232,129.24K,0.57%
2018/10/16,5282,5310,5318,5214,116.74K,0.17%
2018/10/17,5134,5287,5310,5118,142.56K,-2.80%
2018/10/18,5073,5125,5132,5044,77.17K,-1.19%
2018/10/19,5087,5054,5124,5033,86.17K,0.28%
2018/10/22,5107,5110,5135,5054,104.87K,0.39%
2018/10/23,4887,5124,5128,4847,154.55K,-4.31%
2018/10/24,4938,4889,4978,4853,149.23K,1.04%
2018/10/25,4947,4905,4968,4853,120.01K,0.18%
2018/10/26,4951,4902,4980,4868,134.82K,0.08%
2018/10/29,4956,4963,4979,4907,110.25K,0.10%
2018/10/30,4890,4965,4965,4819,146.75K,-1.33%
2018/10/31,4892,4927,4959,4873,135.40K,0.04%
2018/11/01,4662,4860,4860,4630,168.04K,-4.70%
2018/11/02,4609,4649,4665,4559,143.84K,-1.14%
2018/11/05,4634,4606,4684,4567,108.83K,0.54%
2018/11/06,4504,4600,4624,4482,127.08K,-2.81%
2018/11/07,4556,4525,4576,4525,12.12K,1.15%
2018/11/08,4431,4516,4516,4404,90.93K,-2.74%
2018/11/09,4362,4414,4423,4297,138.89K,-1.56%
2018/11/12,4403,4424,4481,4373,126.01K,0.94%
2018/11/13,4103,4333,4333,4065,180.67K,-6.81%
2018/11/14,4089,4030,4145,3968,204.66K,-0.34%
2018/11/15,4070,4054,4119,4011,140.71K,-0.46%
2018/11/16,4074,4079,4159,4014,128.13K,0.10%
2018/11/19,4070,4120,4153,3956,160.43K,-0.10%
2018/11/20,3854,4083,4118,3826,221.00K,-5.31%
2018/11/21,3949,3872,3987,3845,170.75K,2.46%
2018/11/22,3823,3892,3903,3810,131.97K,-3.19%
2018/11/23,3623,3806,3806,3574,152.29K,-5.23%
2018/11/26,3678,3595,3712,3595,160.42K,1.52%
2018/11/27,3631,3668,3726,3582,194.91K,-1.28%
2018/11/28,3632,3657,3724,3590,198.14K,0.03%
2018/11/29,3633,3568,3648,3464,215.85K,0.03%
2018/11/30,3576,3613,3633,3478,209.88K,-1.57%
2018/12/03,3727,3606,3790,3606,183.42K,4.22%
2018/12/04,3768,3777,3867,3727,197.72K,1.10%
2018/12/05,3802,3765,3852,3692,196.12K,0.90%
2018/12/06,3619,3760,3793,3559,347.48K,-4.81%
2018/12/07,3849,3630,3864,3586,280.86K,6.36%
2018/12/10,3766,3808,3808,3696,177.47K,-2.16%
2018/12/11,3754,3737,3800,3656,167.73K,-0.32%
2018/12/12,3749,3776,3815,3721,181.60K,-0.13%
2018/12/13,3716,3713,3750,3616,197.10K,-0.88%
2018/12/14,3690,3764,3799,3673,157.77K,-0.70%
2018/12/17,3602,3730,3730,3576,172.60K,-2.38%
2018/12/18,3375,3580,3580,3346,189.59K,-6.30%
2018/12/19,3380,3340,3420,3275,217.54K,0.15%
2018/12/20,3245,3350,3350,3212,245.37K,-3.99%
2018/12/21,3236,3256,3282,3186,233.24K,-0.28%
2018/12/24,3077,3245,3259,3042,196.50K,-4.91%
2018/12/26,3214,3015,3245,2993,289.66K,4.45%
2018/12/27,3183,3220,3274,3146,259.30K,-0.96%
2018/12/28,3185,3221,3237,3124,236.11K,0.06%
2018/12/31,3170,3207,3257,3125,216.51K,-0.47%
2019/01/01,3177,3208,3212,3152,21.47K,0.22%
2019/01/02,3328,3168,3360,3114,284.91K,4.75%
2019/01/03,3285,3277,3340,3202,262.19K,-1.29%
2019/01/04,3348,3314,3439,3304,280.10K,1.92%
2019/01/07,3442,3381,3481,3374,278.24K,2.81%
2019/01/08,3474,3422,3513,3401,256.44K,0.93%
2019/01/09,3686,3525,3705,3525,275.22K,6.10%
2019/01/10,3678,3655,3719,3623,223.14K,-0.22%
2019/01/11,3632,3693,3764,3611,233.40K,-1.25%
2019/01/14,3628,3606,3670,3576,243.57K,-0.11%
2019/01/15,3690,3624,3712,3607,177.72K,1.71%
2019/01/16,3686,3697,3745,3645,229.82K,-0.11%
2019/01/17,3688,3708,3718,3631,197.44K,0.05%
2019/01/18,3817,3738,3834,3724,152.64K,3.50%
2019/01/21,3876,3875,3902,3838,131.35K,1.55%
2019/01/22,3749,3855,3858,3724,194.18K,-3.28%
2019/01/23,3741,3770,3839,3708,212.62K,-0.21%
2019/01/24,3791,3738,3805,3711,214.86K,1.34%
2019/01/25,3812,3822,3842,3776,154.60K,0.55%
2019/01/28,3682,3802,3806,3662,167.40K,-3.41%
2019/01/29,3820,3716,3851,3700,208.10K,3.75%
2019/01/30,3906,3828,3923,3795,189.76K,2.25%
2019/01/31,3869,3891,3938,3848,179.04K,-0.95%
2019/02/01,3963,3839,3989,3814,191.76K,2.43%
2019/02/04,3919,3959,4009,3833,202.40K,-1.11%
2019/02/05,3845,3935,3970,3836,242.76K,-1.89%
2019/02/06,3881,3846,3893,3796,220.54K,0.94%
2019/02/07,3727,3875,3879,3702,243.58K,-3.97%
2019/02/08,3760,3738,3785,3714,183.25K,0.89%
2019/02/11,3719,3726,3754,3651,215.43K,-1.09%
2019/02/12,3782,3764,3824,3729,219.77K,1.69%
2019/02/13,3843,3787,3874,3773,223.76K,1.61%
2019/02/14,3867,3832,3890,3781,236.29K,0.62%
2019/02/15,3951,3888,3979,3874,188.49K,2.17%
2019/02/18,4011,3944,4028,3944,149.03K,1.52%
2019/02/19,4003,3990,4019,3951,156.48K,-0.20%
2019/02/20,4089,4059,4100,3985,191.29K,2.15%
2019/02/21,4061,4086,4110,4042,188.88K,-0.68%
2019/02/22,4085,4067,4126,4057,172.82K,0.59%
2019/02/25,3932,4073,4093,3916,229.76K,-3.75%
2019/02/26,3952,3938,3994,3927,214.11K,0.51%
2019/02/27,4089,3976,4098,3976,181.85K,3.47%
2019/02/28,4058,4068,4082,4012,178.43K,-0.76%
2019/03/01,3973,4074,4117,3952,221.14K,-2.09%
2019/03/04,3986,3990,4050,3977,110.48K,0.33%
2019/03/05,4005,3995,4044,3966,204.35K,0.48%
2019/03/06,3938,3971,3977,3893,218.87K,-1.67%
2019/03/07,3982,3954,3994,3935,185.18K,1.12%
2019/03/08,3886,3961,3961,3823,216.96K,-2.41%
2019/03/11,3967,3900,3985,3900,189.39K,2.08%
2019/03/12,3970,3981,4014,3954,196.83K,0.08%
2019/03/13,4037,3982,4054,3974,167.33K,1.69%
2019/03/14,4061,4060,4085,4026,173.90K,0.59%
2019/03/15,4038,4069,4077,3992,195.46K,-0.57%
2019/03/18,4058,4030,4064,3982,174.53K,0.50%
2019/03/19,4038,4062,4086,4021,123.64K,-0.49%
2019/03/20,4119,4097,4159,4051,220.38K,2.01%
2019/03/21,4146,4111,4163,4102,115.81K,0.66%
2019/03/22,4075,4131,4146,4053,206.27K,-1.71%
2019/03/25,4095,4074,4105,4031,216.97K,0.49%
2019/03/26,4150,4100,4179,4089,195.50K,1.34%
2019/03/27,4119,4160,4172,4087,232.92K,-0.75%
2019/03/28,4111,4112,4119,4051,230.55K,-0.19%
2019/03/29,4185,4123,4215,4123,197.34K,1.80%
2019/04/01,4280,4193,4286,4193,188.36K,2.27%
2019/04/02,4321,4290,4325,4261,205.41K,0.96%
2019/04/03,4281,4333,4338,4268,202.68K,-0.93%
2019/04/04,4334,4287,4348,4285,201.26K,1.24%
2019/04/05,4362,4315,4379,4287,176.40K,0.65%
2019/04/08,4481,4380,4492,4380,178.89K,2.73%
2019/04/09,4451,4496,4506,4421,183.81K,-0.67%
2019/04/10,4474,4459,4482,4435,164.62K,0.52%
2019/04/11,4389,4462,4463,4377,184.71K,-1.90%
2019/04/12,4451,4395,4476,4395,155.46K,1.41%
2019/04/15,4403,4409,4423,4377,171.93K,-1.08%
2019/04/16,4431,4389,4439,4384,173.58K,0.64%
2019/04/17,4438,4449,4475,4428,92.80K,0.16%
2019/04/18,4439,4425,4454,4404,130.09K,0.02%
2019/04/22,4593,4475,4613,4475,188.20K,3.47%
2019/04/23,4641,4599,4666,4590,205.97K,1.05%
2019/04/24,4629,4623,4692,4610,173.84K,-0.26%
2019/04/25,4637,4616,4669,4616,152.43K,0.17%
2019/04/26,4409,4620,4620,4364,287.62K,-4.92%
2019/04/30,4467,4420,4519,4420,216.06K,1.32%
2019/05/01,4422,4443,4458,4381,148.19K,-1.01%
2019/05/02,4277,4420,4426,4242,230.77K,-3.28%
2019/05/03,4307,4294,4338,4253,222.30K,0.70%
2019/05/06,4346,4250,4362,4191,237.66K,0.91%
2019/05/07,4264,4339,4344,4232,219.83K,-1.89%
2019/05/08,4334,4306,4350,4254,217.82K,1.64%
2019/05/09,4327,4315,4353,4283,228.34K,-0.16%
2019/05/10,4326,4350,4362,4309,199.43K,-0.02%
2019/05/13,4312,4326,4474,4287,282.81K,-0.32%
2019/05/14,4352,4325,4377,4276,235.75K,0.93%
2019/05/15,4366,4346,4384,4286,230.00K,0.32%
2019/05/16,4420,4375,4452,4360,199.48K,1.24%
2019/05/17,4416,4431,4470,4398,229.72K,-0.09%
2019/05/20,4360,4435,4455,4344,168.70K,-1.27%
2019/05/21,4415,4430,4461,4390,177.14K,1.26%
2019/05/22,4276,4390,4393,4267,231.72K,-3.15%
2019/05/23,4036,4278,4278,4008,255.25K,-5.61%
2019/05/24,4071,4070,4112,4001,225.06K,0.87%
2019/05/27,4132,4092,4138,4052,164.09K,1.50%
2019/05/28,4143,4126,4155,4087,244.65K,0.27%
2019/05/29,4116,4123,4133,3986,312.49K,-0.65%
2019/05/30,3989,4126,4167,3970,276.91K,-3.09%
2019/05/31,3775,3973,3973,3758,297.19K,-5.36%
2019/06/03,3715,3696,3788,3670,328.39K,-1.59%
2019/06/04,3714,3690,3744,3642,319.05K,-0.03%
2019/06/05,3608,3687,3694,3522,211.39K,-2.85%
2019/06/06,3582,3606,3627,3551,251.51K,-0.72%
2019/06/07,3722,3597,3774,3597,298.06K,3.91%
2019/06/10,3754,3759,3797,3729,222.23K,0.86%
2019/06/11,3720,3727,3756,3696,230.58K,-0.91%
2019/06/12,3596,3688,3688,3572,256.45K,-3.33%
2019/06/13,3643,3575,3719,3536,354.54K,1.31%
2019/06/14,3675,3650,3698,3603,238.79K,0.88%
2019/06/17,3645,3677,3684,3624,182.36K,-0.82%
2019/06/18,3732,3628,3778,3591,278.29K,2.39%
2019/06/19,3738,3755,3784,3713,180.26K,0.16%
2019/06/20,3977,3805,3997,3805,261.71K,6.39%
2019/06/21,4017,4005,4050,3960,232.15K,1.01%
2019/06/24,3993,4040,4062,3948,201.02K,-0.60%
2019/06/25,4036,3991,4058,3972,225.96K,1.08%
2019/06/26,4129,4038,4164,4038,200.65K,2.30%
2019/06/27,4114,4114,4138,4062,198.79K,-0.36%
2019/06/28,4095,4095,4137,4074,186.53K,-0.46%
2019/07/01,4053,4123,4168,4028,252.88K,-1.03%
